city,latitude,longitude,timestamp,temperature_celsius,humidity_percent,wind_speed_kmh,wind_direction_degrees,wind_gusts_kmh,precipitation_mm,weather_code,cloud_cover_percent,pressure_hpa,visibility_meters,apparent_temperature_celsius,ingestion_time
London,51.5085,-0.1257,2026-08-23T00:00,16.3,60,5.8,196,12.6,0.0,3,100,1024.9,29200.0,15.1,2026-09-02T19:29:50.106674
London,51.5085,-0.1257,2026-08-23T01:00,15.8,65,6.1,226,13.7,0.0,3,100,1025.1,31460.0,14.7,2026-09-02T19:29:50.106744
London,51.5085,-0.1257,2026-08-23T02:00,14.9,69,4.7,240,10.4,0.0,3,100,1025.4,26080.0,14.1,2026-09-02T19:29:50.107089
London,51.5085,-0.1257,2026-08-23T03:00,14.7,72,4.7,262,10.1,0.0,3,92,1025.3,21020.0,13.9,2026-09-02T19:29:50.107130
London,51.5085,-0.1257,2026-08-23T04:00,13.7,76,2.2,268,5.8,0.0,3,94,1025.3,19440.0,13.3,2026-09-02T19:29:50.107147
London,51.5085,-0.1257,2026-08-23T05:00,13.9,78,4.0,214,9.0,0.0,2,52,1025.5,15340.0,13.4,2026-09-02T19:29:50.107178
London,51.5085,-0.1257,2026-08-23T06:00,13.7,79,3.2,240,7.2,0.0,3,92,1025.8,13880.0,13.3,2026-09-02T19:29:50.107203
London,51.5085,-0.1257,2026-08-23T07:00,14.8,76,4.0,226,8.6,0.0,3,84,1026.0,11820.0,14.5,2026-09-02T19:29:50.107219
London,51.5085,-0.1257,2026-08-23T08:00,16.7,68,6.5,234,14.0,0.0,2,73,1025.7,14780.0,16.0,2026-09-02T19:29:50.107233
London,51.5085,-0.1257,2026-08-23T09:00,18.3,62,4.7,254,11.9,0.0,2,63,1025.7,15200.0,17.9,2026-09-02T19:29:50.107246
London,51.5085,-0.1257,2026-08-23T10:00,20.4,45,3.6,242,14.0,0.0,1,42,1025.5,18600.0,19.4,2026-09-02T19:29:50.107266
London,51.5085,-0.1257,2026-08-23T11:00,20.9,40,1.8,258,12.2,0.0,2,60,1025.1,20080.0,19.8,2026-09-02T19:29:50.107296
London,51.5085,-0.1257,2026-08-23T12:00,21.6,36,1.1,174,12.2,0.0,2,70,1025.0,19400.0,20.4,2026-09-02T19:29:50.107316
London,51.5085,-0.1257,2026-08-23T13:00,22.1,34,1.4,230,13.7,0.0,2,70,1024.9,20100.0,20.8,2026-09-02T19:29:50.107331
London,51.5085,-0.1257,2026-08-23T14:00,22.8,32,1.4,290,13.7,0.0,2,64,1024.6,21020.0,21.4,2026-09-02T19:29:50.107343
London,51.5085,-0.1257,2026-08-23T15:00,23.3,30,2.2,178,14.8,0.0,2,72,1024.0,20480.0,21.8,2026-09-02T19:29:50.107354
London,51.5085,-0.1257,2026-08-23T16:00,23.8,29,3.2,76,15.1,0.0,2,60,1023.4,20120.0,22.0,2026-09-02T19:29:50.107376
London,51.5085,-0.1257,2026-08-23T17:00,24.1,27,6.5,52,19.4,0.0,1,20,1022.9,26080.0,21.8,2026-09-02T19:29:50.107389
London,51.5085,-0.1257,2026-08-23T18:00,23.8,29,10.4,70,25.9,0.0,1,34,1022.8,27460.0,21.0,2026-09-02T19:29:50.107400
London,51.5085,-0.1257,2026-08-23T19:00,21.3,48,17.3,100,38.2,0.0,0,0,1023.3,26520.0,18.7,2026-09-02T19:29:50.107411
London,51.5085,-0.1257,2026-08-23T20:00,19.8,57,15.1,98,33.5,0.0,0,0,1023.7,26280.0,17.9,2026-09-02T19:29:50.107423
London,51.5085,-0.1257,2026-08-23T21:00,18.9,63,14.8,102,33.5,0.0,3,83,1024.1,27100.0,17.3,2026-09-02T19:29:50.107442
London,51.5085,-0.1257,2026-08-23T22:00,18.1,64,12.6,96,28.1,0.0,3,100,1023.9,26760.0,16.6,2026-09-02T19:29:50.107454
London,51.5085,-0.1257,2026-08-23T23:00,17.5,64,11.9,80,26.3,0.0,3,100,1023.9,28760.0,16.0,2026-09-02T19:29:50.107466
London,51.5085,-0.1257,2026-08-24T00:00,16.9,62,10.1,80,22.7,0.0,3,100,1023.5,26920.0,15.4,2026-09-02T19:29:50.107478
London,51.5085,-0.1257,2026-08-24T01:00,15.9,66,9.0,60,20.2,0.0,0,0,1023.4,24120.0,14.5,2026-09-02T19:29:50.107490
London,51.5085,-0.1257,2026-08-24T02:00,14.9,70,9.4,52,20.5,0.0,1,47,1023.0,22160.0,13.4,2026-09-02T19:29:50.107502
London,51.5085,-0.1257,2026-08-24T03:00,14.8,71,8.3,50,18.0,0.0,3,100,1023.1,19960.0,13.5,2026-09-02T19:29:50.107514
London,51.5085,-0.1257,2026-08-24T04:00,14.0,72,8.6,52,19.4,0.0,3,100,1022.8,18160.0,12.5,2026-09-02T19:29:50.107525
London,51.5085,-0.1257,2026-08-24T05:00,13.5,72,9.0,52,19.4,0.0,3,100,1022.5,15260.0,11.9,2026-09-02T19:29:50.107537
London,51.5085,-0.1257,2026-08-24T06:00,13.6,72,9.0,54,19.4,0.0,3,100,1022.1,14540.0,12.0,2026-09-02T19:29:50.107548
London,51.5085,-0.1257,2026-08-24T07:00,15.0,68,9.4,60,20.2,0.0,3,100,1021.7,14400.0,13.5,2026-09-02T19:29:50.107565
London,51.5085,-0.1257,2026-08-24T08:00,16.8,65,10.4,70,23.0,0.0,3,100,1021.2,15720.0,15.3,2026-09-02T19:29:50.107578
London,51.5085,-0.1257,2026-08-24T09:00,18.0,63,10.1,86,22.7,0.0,3,100,1021.1,16800.0,16.8,2026-09-02T19:29:50.107591
London,51.5085,-0.1257,2026-08-24T10:00,19.5,56,13.7,90,31.7,0.0,3,100,1020.1,21580.0,17.7,2026-09-02T19:29:50.107602
London,51.5085,-0.1257,2026-08-24T11:00,20.5,52,15.8,84,37.1,0.0,3,100,1019.7,24180.0,18.3,2026-09-02T19:29:50.107614
London,51.5085,-0.1257,2026-08-24T12:00,21.0,49,18.0,86,41.0,0.0,3,100,1019.3,25120.0,18.4,2026-09-02T19:29:50.107625
London,51.5085,-0.1257,2026-08-24T13:00,21.5,47,17.3,86,39.2,0.0,3,100,1018.6,26020.0,19.4,2026-09-02T19:29:50.107637
London,51.5085,-0.1257,2026-08-24T14:00,21.9,43,17.3,96,40.0,0.0,2,58,1018.0,26820.0,19.2,2026-09-02T19:29:50.107648
London,51.5085,-0.1257,2026-08-24T15:00,22.0,41,18.4,84,41.8,0.0,1,20,1017.2,27800.0,18.9,2026-09-02T19:29:50.107659
London,51.5085,-0.1257,2026-08-24T16:00,21.6,41,20.2,82,46.1,0.0,0,15,1016.4,29240.0,18.1,2026-09-02T19:29:50.107671
London,51.5085,-0.1257,2026-08-24T17:00,20.7,44,19.4,80,43.6,0.0,3,100,1016.1,27600.0,17.3,2026-09-02T19:29:50.107689
London,51.5085,-0.1257,2026-08-24T18:00,19.9,46,18.4,72,41.4,0.0,3,100,1015.5,30160.0,16.7,2026-09-02T19:29:50.107701
London,51.5085,-0.1257,2026-08-24T19:00,19.1,54,17.6,68,39.6,0.0,1,23,1015.3,30320.0,16.4,2026-09-02T19:29:50.107712
London,51.5085,-0.1257,2026-08-24T20:00,18.4,58,16.6,64,37.1,0.0,1,44,1015.4,32580.0,16.1,2026-09-02T19:29:50.107723
London,51.5085,-0.1257,2026-08-24T21:00,17.9,61,16.9,56,37.4,0.0,1,22,1015.0,34040.0,15.5,2026-09-02T19:29:50.107735
London,51.5085,-0.1257,2026-08-24T22:00,17.4,66,15.1,56,32.8,0.0,0,0,1014.9,33060.0,15.5,2026-09-02T19:29:50.107746
London,51.5085,-0.1257,2026-08-24T23:00,17.0,70,15.5,50,33.8,0.0,0,0,1014.5,33380.0,15.3,2026-09-02T19:29:50.107757
London,51.5085,-0.1257,2026-08-25T00:00,16.6,74,14.0,52,31.0,0.0,0,2,1014.3,32680.0,15.2,2026-09-02T19:29:50.107770
London,51.5085,-0.1257,2026-08-25T01:00,16.7,76,14.0,48,30.6,0.0,3,84,1013.9,30200.0,15.4,2026-09-02T19:29:50.107781
London,51.5085,-0.1257,2026-08-25T02:00,16.6,76,14.8,50,31.7,0.0,0,3,1013.4,28280.0,15.2,2026-09-02T19:29:50.107792
London,51.5085,-0.1257,2026-08-25T03:00,16.3,77,11.2,48,24.5,0.0,0,0,1013.3,23480.0,15.4,2026-09-02T19:29:50.107810
London,51.5085,-0.1257,2026-08-25T04:00,16.0,77,12.2,48,26.6,0.0,0,0,1012.9,20600.0,14.9,2026-09-02T19:29:50.107821
London,51.5085,-0.1257,2026-08-25T05:00,15.9,76,12.2,42,26.6,0.0,0,0,1013.0,18140.0,14.6,2026-09-02T19:29:50.107833
London,51.5085,-0.1257,2026-08-25T06:00,16.1,75,12.6,48,27.4,0.0,0,0,1012.8,16820.0,14.8,2026-09-02T19:29:50.107845
London,51.5085,-0.1257,2026-08-25T07:00,17.1,73,14.4,46,31.3,0.0,0,0,1013.0,18460.0,15.7,2026-09-02T19:29:50.107856
London,51.5085,-0.1257,2026-08-25T08:00,18.7,69,14.8,66,33.1,0.0,1,20,1013.3,19980.0,17.5,2026-09-02T19:29:50.107867
London,51.5085,-0.1257,2026-08-25T09:00,20.5,63,15.8,74,35.3,0.0,1,22,1013.1,22600.0,19.2,2026-09-02T19:29:50.107879
London,51.5085,-0.1257,2026-08-25T10:00,22.3,50,15.5,86,35.3,0.0,1,28,1012.9,24280.0,20.5,2026-09-02T19:29:50.107890
London,51.5085,-0.1257,2026-08-25T11:00,23.5,45,15.5,92,35.3,0.0,1,21,1012.8,24440.0,22.0,2026-09-02T19:29:50.107902
London,51.5085,-0.1257,2026-08-25T12:00,24.2,40,17.3,94,39.2,0.0,0,5,1012.6,25920.0,22.5,2026-09-02T19:29:50.107913
London,51.5085,-0.1257,2026-08-25T13:00,24.8,40,17.3,100,39.2,0.0,0,3,1012.3,25620.0,23.3,2026-09-02T19:29:50.107931
London,51.5085,-0.1257,2026-08-25T14:00,25.0,39,16.6,100,38.2,0.0,0,1,1012.4,25580.0,23.3,2026-09-02T19:29:50.107943
London,51.5085,-0.1257,2026-08-25T15:00,25.0,37,16.2,98,37.4,0.0,0,0,1011.7,25520.0,22.7,2026-09-02T19:29:50.107954
London,51.5085,-0.1257,2026-08-25T16:00,24.7,38,16.6,100,38.2,0.0,0,0,1011.7,26840.0,22.2,2026-09-02T19:29:50.107972
London,51.5085,-0.1257,2026-08-25T17:00,24.0,42,15.5,102,34.9,0.0,3,98,1012.0,25600.0,21.8,2026-09-02T19:29:50.107989
London,51.5085,-0.1257,2026-08-25T18:00,22.8,48,15.5,96,34.6,0.0,3,100,1012.0,26100.0,21.0,2026-09-02T19:29:50.108000
London,51.5085,-0.1257,2026-08-25T19:00,21.8,57,13.7,92,30.2,0.0,1,48,1012.2,25260.0,20.7,2026-09-02T19:29:50.108011
London,51.5085,-0.1257,2026-08-25T20:00,20.6,64,14.0,88,31.0,0.0,3,100,1012.5,25080.0,19.8,2026-09-02T19:29:50.108029
London,51.5085,-0.1257,2026-08-25T21:00,20.3,67,11.9,80,26.6,0.0,3,100,1012.5,24380.0,19.9,2026-09-02T19:29:50.108042
London,51.5085,-0.1257,2026-08-25T22:00,20.0,69,11.2,78,24.5,0.0,3,100,1012.7,21120.0,19.8,2026-09-02T19:29:50.108053
London,51.5085,-0.1257,2026-08-25T23:00,19.8,70,10.4,72,23.0,0.0,3,99,1012.7,20520.0,19.7,2026-09-02T19:29:50.108070
London,51.5085,-0.1257,2026-08-26T00:00,19.5,73,10.1,80,21.2,0.0,3,100,1012.6,19240.0,19.6,2026-09-02T19:29:50.108082
London,51.5085,-0.1257,2026-08-26T01:00,19.6,75,7.9,66,16.6,0.0,3,100,1012.4,16680.0,20.1,2026-09-02T19:29:50.108093
London,51.5085,-0.1257,2026-08-26T02:00,19.2,77,8.3,58,18.0,0.1,51,100,1012.4,13580.0,19.7,2026-09-02T19:29:50.108104
London,51.5085,-0.1257,2026-08-26T03:00,19.0,81,7.6,54,16.9,0.2,51,100,1012.0,10500.0,19.9,2026-09-02T19:29:50.108115
London,51.5085,-0.1257,2026-08-26T04:00,18.7,84,6.5,60,14.0,0.2,51,100,1012.1,9420.0,19.9,2026-09-02T19:29:50.108127
London,51.5085,-0.1257,2026-08-26T05:00,18.5,85,6.1,64,13.7,0.0,3,97,1012.4,6880.0,19.7,2026-09-02T19:29:50.108152
London,51.5085,-0.1257,2026-08-26T06:00,18.7,87,5.8,82,12.6,0.0,3,100,1012.9,6800.0,20.2,2026-09-02T19:29:50.108164
London,51.5085,-0.1257,2026-08-26T07:00,19.2,85,6.8,86,14.8,0.0,3,99,1013.0,6200.0,20.6,2026-09-02T19:29:50.108175
London,51.5085,-0.1257,2026-08-26T08:00,20.1,82,6.8,98,15.1,0.0,3,93,1013.1,5400.0,21.6,2026-09-02T19:29:50.108187
London,51.5085,-0.1257,2026-08-26T09:00,21.4,75,9.4,90,20.9,0.0,1,36,1013.0,7660.0,22.5,2026-09-02T19:29:50.108205
London,51.5085,-0.1257,2026-08-26T10:00,23.1,67,10.1,100,22.0,0.0,3,91,1013.2,10980.0,23.9,2026-09-02T19:29:50.108216
London,51.5085,-0.1257,2026-08-26T11:00,23.5,67,9.4,88,20.2,0.0,3,88,1013.2,11660.0,24.7,2026-09-02T19:29:50.108228
London,51.5085,-0.1257,2026-08-26T12:00,24.9,59,11.9,92,25.6,0.0,2,76,1012.6,15280.0,25.7,2026-09-02T19:29:50.108239
London,51.5085,-0.1257,2026-08-26T13:00,25.8,55,12.6,92,27.7,0.0,2,77,1012.6,16960.0,26.8,2026-09-02T19:29:50.108251
London,51.5085,-0.1257,2026-08-26T14:00,26.3,53,14.0,98,30.6,0.0,3,100,1012.1,17100.0,26.4,2026-09-02T19:29:50.108262
London,51.5085,-0.1257,2026-08-26T15:00,26.4,52,15.5,92,33.1,0.0,3,100,1011.6,19780.0,26.2,2026-09-02T19:29:50.108273
London,51.5085,-0.1257,2026-08-26T16:00,25.9,55,16.6,92,34.2,0.0,3,100,1011.5,19260.0,25.7,2026-09-02T19:29:50.108285
London,51.5085,-0.1257,2026-08-26T17:00,25.4,58,14.8,90,31.7,0.0,3,100,1011.2,19040.0,25.6,2026-09-02T19:29:50.108296
London,51.5085,-0.1257,2026-08-26T18:00,24.5,61,15.5,110,33.8,0.0,3,100,1011.5,19340.0,24.6,2026-09-02T19:29:50.108307
London,51.5085,-0.1257,2026-08-26T19:00,23.3,65,14.4,96,31.7,0.0,3,100,1011.8,17940.0,23.4,2026-09-02T19:29:50.108324
London,51.5085,-0.1257,2026-08-26T20:00,22.0,72,14.8,86,32.8,0.0,3,100,1011.8,17200.0,22.2,2026-09-02T19:29:50.108336
London,51.5085,-0.1257,2026-08-26T21:00,21.3,78,14.0,82,30.2,0.0,3,100,1011.8,15280.0,21.9,2026-09-02T19:29:50.108349
London,51.5085,-0.1257,2026-08-26T22:00,21.0,78,13.3,80,29.2,0.0,3,100,1011.7,13820.0,21.6,2026-09-02T19:29:50.108360
London,51.5085,-0.1257,2026-08-26T23:00,20.7,79,12.2,80,26.6,0.0,3,100,1011.4,14140.0,21.4,2026-09-02T19:29:50.108371
London,51.5085,-0.1257,2026-08-27T00:00,20.4,80,12.2,72,26.6,0.0,3,100,1010.5,13060.0,21.0,2026-09-02T19:29:50.108384
London,51.5085,-0.1257,2026-08-27T01:00,20.5,79,10.8,66,23.8,0.0,3,100,1010.1,10400.0,21.3,2026-09-02T19:29:50.108395
London,51.5085,-0.1257,2026-08-27T02:00,20.4,80,10.8,68,23.8,0.0,3,100,1010.3,9540.0,21.3,2026-09-02T19:29:50.108407
London,51.5085,-0.1257,2026-08-27T03:00,20.6,82,11.2,60,24.5,0.0,3,100,1009.3,8880.0,21.7,2026-09-02T19:29:50.108418
London,51.5085,-0.1257,2026-08-27T04:00,20.7,82,10.1,86,22.0,0.0,3,100,1009.3,8000.0,21.9,2026-09-02T19:29:50.108429
London,51.5085,-0.1257,2026-08-27T05:00,20.1,93,6.8,102,15.5,1.9,80,100,1009.7,4200.0,22.5,2026-09-02T19:29:50.108445
London,51.5085,-0.1257,2026-08-27T06:00,19.9,91,2.9,110,5.8,1.1,55,100,1008.8,4620.0,22.6,2026-09-02T19:29:50.108457
London,51.5085,-0.1257,2026-08-27T07:00,19.6,89,4.3,86,9.4,0.3,51,100,1009.2,4920.0,21.8,2026-09-02T19:29:50.108468
London,51.5085,-0.1257,2026-08-27T08:00,19.0,90,9.4,132,20.2,0.1,51,100,1009.6,6360.0,20.3,2026-09-02T19:29:50.108480
London,51.5085,-0.1257,2026-08-27T09:00,19.2,94,6.8,82,14.8,0.6,53,100,1008.9,4240.0,21.3,2026-09-02T19:29:50.108491
London,51.5085,-0.1257,2026-08-27T10:00,20.2,89,9.4,68,20.5,0.1,51,100,1008.3,6140.0,22.0,2026-09-02T19:29:50.108502
London,51.5085,-0.1257,2026-08-27T11:00,20.7,84,5.4,118,11.9,0.0,2,79,1008.8,9760.0,23.0,2026-09-02T19:29:50.108513
London,51.5085,-0.1257,2026-08-27T12:00,22.3,76,4.0,68,10.4,0.0,3,94,1008.5,8940.0,24.6,2026-09-02T19:29:50.108524
London,51.5085,-0.1257,2026-08-27T13:00,23.1,71,6.8,126,15.5,0.1,51,100,1008.0,12200.0,24.8,2026-09-02T19:29:50.108540
London,51.5085,-0.1257,2026-08-27T14:00,24.2,60,6.8,206,15.5,0.0,2,64,1007.8,17160.0,25.2,2026-09-02T19:29:50.108551
London,51.5085,-0.1257,2026-08-27T15:00,25.2,57,9.4,180,20.2,0.0,2,65,1007.1,19720.0,26.0,2026-09-02T19:29:50.108568
London,51.5085,-0.1257,2026-08-27T16:00,24.8,55,13.0,204,26.6,0.0,2,77,1007.2,25880.0,24.6,2026-09-02T19:29:50.108581
London,51.5085,-0.1257,2026-08-27T17:00,24.0,53,14.4,200,31.0,0.0,3,100,1007.6,29980.0,23.2,2026-09-02T19:29:50.108593
London,51.5085,-0.1257,2026-08-27T18:00,23.1,56,13.0,212,28.8,0.0,3,100,1007.4,32060.0,22.5,2026-09-02T19:29:50.108604
London,51.5085,-0.1257,2026-08-27T19:00,22.1,56,12.2,222,27.0,0.0,3,100,1007.7,31720.0,21.3,2026-09-02T19:29:50.108615
London,51.5085,-0.1257,2026-08-27T20:00,21.2,62,10.1,226,22.3,0.0,3,100,1007.3,28540.0,21.0,2026-09-02T19:29:50.108627
London,51.5085,-0.1257,2026-08-27T21:00,20.8,65,11.9,216,26.3,0.0,3,100,1008.0,29640.0,20.4,2026-09-02T19:29:50.108638
London,51.5085,-0.1257,2026-08-27T22:00,20.0,68,13.7,228,29.5,0.0,3,91,1007.9,32260.0,19.3,2026-09-02T19:29:50.108655
London,51.5085,-0.1257,2026-08-27T23:00,19.5,72,14.0,236,31.0,0.0,0,6,1007.6,30460.0,18.9,2026-09-02T19:29:50.108667
London,51.5085,-0.1257,2026-08-28T00:00,18.8,73,11.5,238,25.2,0.0,0,0,1007.3,27280.0,18.4,2026-09-02T19:29:50.108679
London,51.5085,-0.1257,2026-08-28T01:00,18.3,77,10.4,240,22.7,0.0,0,9,1007.3,25680.0,18.1,2026-09-02T19:29:50.108696
London,51.5085,-0.1257,2026-08-28T02:00,17.5,80,11.2,246,23.8,0.0,1,39,1007.1,21900.0,17.2,2026-09-02T19:29:50.108707
London,51.5085,-0.1257,2026-08-28T03:00,17.1,84,11.2,248,24.1,0.0,0,1,1007.1,19660.0,17.0,2026-09-02T19:29:50.108719
London,51.5085,-0.1257,2026-08-28T04:00,16.6,86,11.9,238,25.2,0.0,1,20,1006.8,14200.0,16.3,2026-09-02T19:29:50.108730
London,51.5085,-0.1257,2026-08-28T05:00,16.1,88,10.8,246,23.4,0.0,3,84,1006.9,11800.0,15.9,2026-09-02T19:29:50.108741
London,51.5085,-0.1257,2026-08-28T06:00,15.8,89,10.8,232,23.0,0.0,3,100,1006.9,10140.0,15.5,2026-09-02T19:29:50.108753
London,51.5085,-0.1257,2026-08-28T07:00,16.5,85,11.2,222,23.8,0.0,3,87,1006.4,11320.0,16.2,2026-09-02T19:29:50.108764
London,51.5085,-0.1257,2026-08-28T08:00,17.9,78,13.0,232,28.4,0.0,1,40,1006.3,14840.0,17.3,2026-09-02T19:29:50.108783
London,51.5085,-0.1257,2026-08-28T09:00,19.5,65,13.3,242,29.2,0.0,2,66,1006.4,22060.0,18.4,2026-09-02T19:29:50.108797
London,51.5085,-0.1257,2026-08-28T10:00,20.9,60,12.2,220,25.9,0.0,2,55,1006.4,19900.0,20.0,2026-09-02T19:29:50.108809
London,51.5085,-0.1257,2026-08-28T11:00,23.0,42,14.4,230,32.8,0.0,1,45,1005.9,27460.0,20.7,2026-09-02T19:29:50.108827
London,51.5085,-0.1257,2026-08-28T12:00,23.3,41,15.5,238,34.2,0.0,2,53,1005.9,29160.0,20.9,2026-09-02T19:29:50.108839
London,51.5085,-0.1257,2026-08-28T13:00,24.0,41,15.5,238,34.9,0.0,3,88,1005.7,25420.0,21.7,2026-09-02T19:29:50.108850
London,51.5085,-0.1257,2026-08-28T14:00,23.4,48,18.0,266,37.4,0.0,3,98,1005.9,22360.0,21.4,2026-09-02T19:29:50.108862
London,51.5085,-0.1257,2026-08-28T15:00,23.0,51,22.7,230,46.1,0.0,2,67,1005.9,27840.0,20.5,2026-09-02T19:29:50.108873
London,51.5085,-0.1257,2026-08-28T16:00,21.9,63,22.7,242,46.1,0.4,51,100,1006.4,16600.0,20.1,2026-09-02T19:29:50.108885
London,51.5085,-0.1257,2026-08-28T17:00,21.5,64,20.9,230,42.5,0.1,51,99,1006.7,25120.0,19.9,2026-09-02T19:29:50.108896
London,51.5085,-0.1257,2026-08-28T18:00,21.5,62,20.2,226,40.3,0.0,3,84,1007.0,24260.0,19.8,2026-09-02T19:29:50.108907
London,51.5085,-0.1257,2026-08-28T19:00,19.5,76,15.8,242,32.0,0.6,53,100,1007.5,24940.0,19.0,2026-09-02T19:29:50.108919
London,51.5085,-0.1257,2026-08-28T20:00,19.1,72,15.8,242,34.2,0.0,3,100,1007.8,24860.0,18.1,2026-09-02T19:29:50.108930
London,51.5085,-0.1257,2026-08-28T21:00,18.9,73,16.9,226,36.4,0.0,3,100,1007.9,26920.0,17.8,2026-09-02T19:29:50.108947
London,51.5085,-0.1257,2026-08-28T22:00,18.8,75,15.1,236,32.4,0.0,3,80,1007.9,29080.0,18.0,2026-09-02T19:29:50.108972
London,51.5085,-0.1257,2026-08-28T23:00,18.6,77,14.8,238,31.7,0.0,3,100,1008.2,31620.0,17.9,2026-09-02T19:29:50.108983
London,51.5085,-0.1257,2026-08-29T00:00,18.6,76,15.1,244,32.0,0.0,3,84,1008.1,31040.0,17.8,2026-09-02T19:29:50.108996
London,51.5085,-0.1257,2026-08-29T01:00,18.4,78,13.0,234,28.4,0.0,3,93,1007.8,24880.0,18.1,2026-09-02T19:29:50.109007
London,51.5085,-0.1257,2026-08-29T02:00,18.5,78,10.8,236,23.0,0.0,3,83,1007.6,22560.0,18.4,2026-09-02T19:29:50.109018
London,51.5085,-0.1257,2026-08-29T03:00,18.5,79,10.1,232,21.2,0.0,3,99,1007.6,19040.0,18.7,2026-09-02T19:29:50.109030
London,51.5085,-0.1257,2026-08-29T04:00,18.1,81,13.0,220,27.4,0.0,3,97,1007.5,18420.0,17.9,2026-09-02T19:29:50.109041
London,51.5085,-0.1257,2026-08-29T05:00,18.0,79,13.7,216,29.5,0.0,3,100,1007.5,21300.0,17.5,2026-09-02T19:29:50.109053
London,51.5085,-0.1257,2026-08-29T06:00,17.9,80,12.6,206,26.6,0.0,2,53,1007.3,19020.0,17.6,2026-09-02T19:29:50.109065
London,51.5085,-0.1257,2026-08-29T07:00,17.9,77,12.2,202,25.6,0.0,3,100,1007.3,19420.0,17.4,2026-09-02T19:29:50.109083
London,51.5085,-0.1257,2026-08-29T08:00,18.1,80,12.2,194,25.6,0.3,51,100,1007.1,12460.0,17.9,2026-09-02T19:29:50.109094
London,51.5085,-0.1257,2026-08-29T09:00,18.0,86,11.9,176,24.8,0.6,53,100,1006.5,13120.0,18.2,2026-09-02T19:29:50.109106
London,51.5085,-0.1257,2026-08-29T10:00,17.8,84,13.7,182,29.2,0.3,51,100,1006.1,13520.0,17.5,2026-09-02T19:29:50.109117
London,51.5085,-0.1257,2026-08-29T11:00,17.5,89,14.8,156,31.0,0.6,53,100,1005.0,5160.0,17.3,2026-09-02T19:29:50.109128
London,51.5085,-0.1257,2026-08-29T12:00,18.3,88,14.8,162,31.7,0.4,51,100,1003.7,12720.0,18.3,2026-09-02T19:29:50.109139
London,51.5085,-0.1257,2026-08-29T13:00,19.3,88,15.8,188,31.7,0.1,51,100,1002.5,7860.0,19.6,2026-09-02T19:29:50.109151
London,51.5085,-0.1257,2026-08-29T14:00,20.0,76,16.6,208,35.6,0.1,51,100,1001.9,10560.0,19.6,2026-09-02T19:29:50.109168
London,51.5085,-0.1257,2026-08-29T15:00,19.5,82,19.1,206,41.0,0.4,51,100,1001.2,14960.0,18.9,2026-09-02T19:29:50.109180
London,51.5085,-0.1257,2026-08-29T16:00,18.9,86,21.2,212,45.0,0.1,51,100,1000.8,19640.0,18.1,2026-09-02T19:29:50.109206
London,51.5085,-0.1257,2026-08-29T17:00,19.0,88,19.1,220,40.7,0.2,51,99,1000.3,12240.0,18.7,2026-09-02T19:29:50.109219
London,51.5085,-0.1257,2026-08-29T18:00,19.4,88,16.2,234,34.6,0.1,51,100,1001.0,15200.0,19.7,2026-09-02T19:29:50.109227
London,51.5085,-0.1257,2026-08-29T19:00,19.5,84,12.2,240,26.6,0.0,1,27,1002.3,14920.0,20.1,2026-09-02T19:29:50.109235
London,51.5085,-0.1257,2026-08-29T20:00,19.1,88,14.0,228,29.9,0.0,2,77,1003.1,16420.0,19.6,2026-09-02T19:29:50.109243
London,51.5085,-0.1257,2026-08-29T21:00,19.1,83,15.8,236,34.6,0.0,3,96,1003.8,23380.0,19.0,2026-09-02T19:29:50.109252
London,51.5085,-0.1257,2026-08-29T22:00,18.9,83,14.8,234,31.7,0.0,3,100,1004.3,23640.0,18.8,2026-09-02T19:29:50.109260
London,51.5085,-0.1257,2026-08-29T23:00,18.5,84,16.6,238,35.6,0.0,3,98,1004.6,25240.0,18.1,2026-09-02T19:29:50.109268
London,51.5085,-0.1257,2026-08-30T00:00,18.2,85,19.1,248,41.0,0.0,3,100,1005.4,17100.0,17.4,2026-09-02T19:29:50.109276
London,51.5085,-0.1257,2026-08-30T01:00,18.3,77,17.6,258,38.9,0.0,3,91,1005.9,24440.0,17.1,2026-09-02T19:29:50.109288
London,51.5085,-0.1257,2026-08-30T02:00,17.8,76,18.4,256,40.0,0.0,3,98,1006.7,26260.0,16.3,2026-09-02T19:29:50.109297
London,51.5085,-0.1257,2026-08-30T03:00,17.4,77,17.6,256,38.2,0.0,2,77,1007.6,27640.0,15.9,2026-09-02T19:29:50.109309
London,51.5085,-0.1257,2026-08-30T04:00,16.9,82,15.1,250,32.4,0.0,3,100,1008.1,25300.0,16.0,2026-09-02T19:29:50.109317
London,51.5085,-0.1257,2026-08-30T05:00,16.7,84,14.8,254,31.7,0.0,3,100,1008.6,23040.0,15.9,2026-09-02T19:29:50.109327
London,51.5085,-0.1257,2026-08-30T06:00,16.6,85,11.5,246,24.5,0.0,3,91,1009.1,17680.0,16.3,2026-09-02T19:29:50.109335
London,51.5085,-0.1257,2026-08-30T07:00,17.2,81,13.0,244,28.1,0.0,3,86,1009.7,19280.0,16.6,2026-09-02T19:29:50.109343
London,51.5085,-0.1257,2026-08-30T08:00,17.8,78,12.6,234,27.4,0.0,3,95,1009.9,21040.0,17.2,2026-09-02T19:29:50.109352
London,51.5085,-0.1257,2026-08-30T09:00,19.1,69,11.2,236,24.5,0.0,1,25,1010.1,20820.0,18.6,2026-09-02T19:29:50.109360
London,51.5085,-0.1257,2026-08-30T10:00,20.4,57,10.4,234,24.5,0.0,3,100,1010.0,23960.0,19.4,2026-09-02T19:29:50.109368
London,51.5085,-0.1257,2026-08-30T11:00,21.3,53,15.1,218,33.8,0.0,3,100,1009.7,28000.0,19.6,2026-09-02T19:29:50.109376
London,51.5085,-0.1257,2026-08-30T12:00,21.9,51,13.0,194,29.2,0.0,3,100,1009.0,28160.0,20.4,2026-09-02T19:29:50.109384
London,51.5085,-0.1257,2026-08-30T13:00,21.8,55,15.8,210,35.3,0.0,3,100,1008.7,28440.0,20.2,2026-09-02T19:29:50.109396
London,51.5085,-0.1257,2026-08-30T14:00,21.5,56,15.5,204,33.5,0.0,3,100,1008.4,28360.0,20.0,2026-09-02T19:29:50.109405
London,51.5085,-0.1257,2026-08-30T15:00,22.2,52,18.4,212,40.0,0.0,3,82,1008.0,29480.0,20.2,2026-09-02T19:29:50.109413
London,51.5085,-0.1257,2026-08-30T16:00,20.9,60,22.3,200,46.1,0.0,3,97,1008.0,32060.0,18.5,2026-09-02T19:29:50.109421
London,51.5085,-0.1257,2026-08-30T17:00,21.2,54,19.1,216,41.4,0.0,1,49,1007.7,32680.0,18.9,2026-09-02T19:29:50.109429
London,51.5085,-0.1257,2026-08-30T18:00,20.7,56,16.9,216,35.6,0.0,2,50,1007.5,30680.0,18.8,2026-09-02T19:29:50.109437
London,51.5085,-0.1257,2026-08-30T19:00,20.0,62,16.6,208,33.5,0.0,3,100,1007.6,29000.0,18.4,2026-09-02T19:29:50.109445
London,51.5085,-0.1257,2026-08-30T20:00,19.5,65,15.5,200,31.7,0.0,3,100,1006.8,32400.0,18.1,2026-09-02T19:29:50.109453
London,51.5085,-0.1257,2026-08-30T21:00,19.1,68,24.8,200,50.0,0.0,3,100,1006.3,27040.0,16.4,2026-09-02T19:29:50.109461
London,51.5085,-0.1257,2026-08-30T22:00,17.4,75,22.7,232,48.2,0.0,1,40,1006.8,32820.0,15.0,2026-09-02T19:29:50.109469
London,51.5085,-0.1257,2026-08-30T23:00,16.9,78,15.8,222,34.2,0.0,1,24,1006.6,26220.0,15.5,2026-09-02T19:29:50.109485
London,51.5085,-0.1257,2026-08-31T00:00,17.0,78,16.2,208,32.8,0.1,51,100,1006.0,21920.0,15.6,2026-09-02T19:29:50.109495
London,51.5085,-0.1257,2026-08-31T01:00,16.4,87,15.8,214,31.7,0.7,53,97,1005.6,22320.0,15.5,2026-09-02T19:29:50.109503
London,51.5085,-0.1257,2026-08-31T02:00,16.2,82,16.9,224,35.3,0.0,3,100,1005.3,27680.0,14.7,2026-09-02T19:29:50.109511
London,51.5085,-0.1257,2026-08-31T03:00,16.3,82,15.5,240,32.0,0.0,2,73,1005.2,24120.0,15.1,2026-09-02T19:29:50.109519
London,51.5085,-0.1257,2026-08-31T04:00,15.4,77,18.4,250,37.1,0.0,3,93,1006.0,29420.0,13.2,2026-09-02T19:29:50.109527
London,51.5085,-0.1257,2026-08-31T05:00,15.0,78,17.3,248,37.4,0.0,2,68,1006.5,29360.0,12.9,2026-09-02T19:29:50.109535
London,51.5085,-0.1257,2026-08-31T06:00,14.9,80,14.4,250,31.7,0.0,2,77,1007.1,23560.0,13.3,2026-09-02T19:29:50.109543
London,51.5085,-0.1257,2026-08-31T07:00,15.4,78,15.5,260,33.5,0.0,3,84,1007.9,24480.0,13.7,2026-09-02T19:29:50.109551
London,51.5085,-0.1257,2026-08-31T08:00,16.5,71,15.1,266,32.8,0.0,2,63,1008.6,25080.0,14.7,2026-09-02T19:29:50.109559
London,51.5085,-0.1257,2026-08-31T09:00,17.5,68,14.8,266,32.0,0.0,2,66,1009.2,24340.0,15.9,2026-09-02T19:29:50.109572
London,51.5085,-0.1257,2026-08-31T10:00,19.2,60,13.7,274,30.2,0.0,3,87,1010.2,25760.0,17.6,2026-09-02T19:29:50.109581
London,51.5085,-0.1257,2026-08-31T11:00,20.4,54,14.4,286,32.8,0.0,3,80,1010.8,26460.0,18.6,2026-09-02T19:29:50.109589
London,51.5085,-0.1257,2026-08-31T12:00,21.5,49,14.8,278,32.8,0.0,2,73,1011.5,25360.0,19.5,2026-09-02T19:29:50.109597
London,51.5085,-0.1257,2026-08-31T13:00,21.8,53,17.6,250,37.1,0.0,2,77,1012.5,23400.0,19.8,2026-09-02T19:29:50.109605
London,51.5085,-0.1257,2026-08-31T14:00,22.6,47,11.2,266,25.6,0.0,3,92,1012.8,20860.0,21.2,2026-09-02T19:29:50.109613
London,51.5085,-0.1257,2026-08-31T15:00,19.8,69,10.8,276,23.4,1.1,55,100,1014.0,21880.0,19.6,2026-09-02T19:29:50.109621
London,51.5085,-0.1257,2026-08-31T16:00,20.9,58,14.4,304,31.3,0.0,3,100,1014.5,27480.0,19.5,2026-09-02T19:29:50.109630
London,51.5085,-0.1257,2026-08-31T17:00,21.1,58,11.2,280,24.5,0.0,3,80,1014.8,26120.0,20.3,2026-09-02T19:29:50.109638
London,51.5085,-0.1257,2026-08-31T18:00,21.3,57,10.1,284,22.0,0.0,3,88,1015.4,25200.0,20.6,2026-09-02T19:29:50.109646
London,51.5085,-0.1257,2026-08-31T19:00,20.5,54,18.0,282,39.2,0.0,3,100,1016.2,36160.0,18.2,2026-09-02T19:29:50.109659
London,51.5085,-0.1257,2026-08-31T20:00,19.6,57,13.0,284,28.4,0.0,3,99,1016.9,32740.0,18.0,2026-09-02T19:29:50.109667
London,51.5085,-0.1257,2026-08-31T21:00,18.9,57,14.0,298,30.2,0.0,3,100,1017.7,35740.0,16.9,2026-09-02T19:29:50.109675
London,51.5085,-0.1257,2026-08-31T22:00,18.1,59,12.2,302,27.0,0.0,3,100,1018.3,39000.0,16.4,2026-09-02T19:29:50.109683
London,51.5085,-0.1257,2026-08-31T23:00,17.4,61,10.4,292,23.0,0.0,3,100,1018.6,40160.0,15.8,2026-09-02T19:29:50.109691
London,51.5085,-0.1257,2026-09-01T00:00,16.6,63,10.4,302,23.0,0.0,3,96,1019.2,41020.0,15.0,2026-09-02T19:29:50.109700
London,51.5085,-0.1257,2026-09-01T01:00,15.9,66,11.2,302,23.8,0.0,2,63,1019.3,40820.0,14.2,2026-09-02T19:29:50.109708
London,51.5085,-0.1257,2026-09-01T02:00,15.1,70,10.1,300,21.2,0.0,0,8,1019.7,35880.0,13.5,2026-09-02T19:29:50.109716
London,51.5085,-0.1257,2026-09-01T03:00,14.6,73,8.3,286,17.6,0.0,0,0,1019.4,26880.0,13.4,2026-09-02T19:29:50.109724
London,51.5085,-0.1257,2026-09-01T04:00,14.0,76,7.6,264,16.6,0.0,0,0,1019.5,20180.0,12.9,2026-09-02T19:29:50.109736
London,51.5085,-0.1257,2026-09-01T05:00,13.8,77,7.6,268,15.8,0.0,0,0,1019.9,16000.0,12.7,2026-09-02T19:29:50.109748
London,51.5085,-0.1257,2026-09-01T06:00,13.7,79,6.5,252,14.0,0.0,0,0,1020.3,12760.0,12.9,2026-09-02T19:29:50.109757
London,51.5085,-0.1257,2026-09-01T07:00,14.3,79,8.3,248,17.6,0.0,1,40,1020.6,12200.0,13.3,2026-09-02T19:29:50.109765
London,51.5085,-0.1257,2026-09-01T08:00,15.5,73,8.6,234,18.4,0.0,3,92,1020.9,12400.0,14.4,2026-09-02T19:29:50.109774
London,51.5085,-0.1257,2026-09-01T09:00,17.1,64,8.3,240,18.4,0.0,3,99,1021.2,15980.0,16.0,2026-09-02T19:29:50.109783
London,51.5085,-0.1257,2026-09-01T10:00,18.9,52,10.1,242,23.8,0.0,3,100,1020.9,24600.0,17.2,2026-09-02T19:29:50.109791
London,51.5085,-0.1257,2026-09-01T11:00,20.2,44,8.6,242,22.0,0.0,0,3,1020.5,24620.0,19.0,2026-09-02T19:29:50.109799
London,51.5085,-0.1257,2026-09-01T12:00,21.4,43,10.8,242,26.6,0.0,1,48,1020.2,25900.0,19.6,2026-09-02T19:29:50.109807
London,51.5085,-0.1257,2026-09-01T13:00,21.6,44,10.8,238,26.6,0.0,2,72,1020.0,26120.0,19.8,2026-09-02T19:29:50.109815
London,51.5085,-0.1257,2026-09-01T14:00,22.1,42,10.1,244,25.9,0.0,1,41,1019.7,26740.0,20.3,2026-09-02T19:29:50.109823
London,51.5085,-0.1257,2026-09-01T15:00,22.7,37,11.9,264,28.4,0.0,1,23,1019.5,28000.0,20.3,2026-09-02T19:29:50.109835
London,51.5085,-0.1257,2026-09-01T16:00,22.9,36,11.2,258,27.0,0.0,3,100,1019.5,27760.0,20.5,2026-09-02T19:29:50.109843
London,51.5085,-0.1257,2026-09-01T17:00,22.6,37,12.2,262,28.4,0.0,3,100,1019.2,28560.0,20.1,2026-09-02T19:29:50.109853
London,51.5085,-0.1257,2026-09-01T18:00,22.0,40,12.2,260,27.7,0.0,0,9,1019.2,28640.0,19.6,2026-09-02T19:29:50.109861
London,51.5085,-0.1257,2026-09-01T19:00,21.0,49,11.9,226,26.6,0.0,3,100,1019.4,27680.0,19.3,2026-09-02T19:29:50.109869
London,51.5085,-0.1257,2026-09-01T20:00,19.9,57,15.1,236,32.8,0.0,3,100,1019.8,31920.0,18.0,2026-09-02T19:29:50.109877
London,51.5085,-0.1257,2026-09-01T21:00,19.2,59,13.7,242,29.9,0.0,3,100,1020.2,34100.0,17.6,2026-09-02T19:29:50.109886
London,51.5085,-0.1257,2026-09-01T22:00,18.8,61,11.2,246,24.1,0.0,3,100,1020.4,33200.0,17.6,2026-09-02T19:29:50.109895
London,51.5085,-0.1257,2026-09-01T23:00,18.5,63,10.4,254,22.7,0.0,3,100,1020.1,29540.0,17.4,2026-09-02T19:29:50.110176
London,51.5085,-0.1257,2026-09-02T00:00,18.2,66,8.6,258,19.1,0.0,3,93,1020.1,29980.0,17.5,2026-09-02T19:29:50.110185
London,51.5085,-0.1257,2026-09-02T01:00,17.9,68,7.9,238,17.3,0.0,3,88,1020.0,27060.0,17.3,2026-09-02T19:29:50.110199
London,51.5085,-0.1257,2026-09-02T02:00,17.7,69,7.9,244,17.3,0.0,3,100,1019.6,24240.0,17.2,2026-09-02T19:29:50.110207
London,51.5085,-0.1257,2026-09-02T03:00,17.4,70,9.7,240,20.9,0.0,3,92,1019.5,24960.0,16.6,2026-09-02T19:29:50.110215
London,51.5085,-0.1257,2026-09-02T04:00,17.0,73,8.3,234,17.6,0.0,3,100,1019.3,23620.0,16.5,2026-09-02T19:29:50.110223
London,51.5085,-0.1257,2026-09-02T05:00,16.9,74,8.6,226,18.4,0.0,3,100,1019.2,19740.0,16.4,2026-09-02T19:29:50.110231
London,51.5085,-0.1257,2026-09-02T06:00,16.7,76,9.4,222,19.4,0.0,3,100,1019.4,20260.0,16.2,2026-09-02T19:29:50.110239
London,51.5085,-0.1257,2026-09-02T07:00,17.1,77,10.4,232,22.0,0.0,3,100,1019.7,17600.0,16.6,2026-09-02T19:29:50.110247
London,51.5085,-0.1257,2026-09-02T08:00,17.8,76,11.5,238,24.8,0.0,3,100,1019.9,17940.0,17.2,2026-09-02T19:29:50.110256
London,51.5085,-0.1257,2026-09-02T09:00,18.4,72,10.4,228,23.0,0.2,51,100,1020.0,15520.0,18.0,2026-09-02T19:29:50.110264
London,51.5085,-0.1257,2026-09-02T10:00,18.0,80,11.2,236,24.5,0.3,51,100,1020.0,12520.0,17.9,2026-09-02T19:29:50.110272
London,51.5085,-0.1257,2026-09-02T11:00,17.3,88,11.9,238,25.2,0.6,53,100,1019.6,8480.0,17.3,2026-09-02T19:29:50.110284
London,51.5085,-0.1257,2026-09-02T12:00,18.3,84,12.2,218,26.3,0.3,51,100,1019.0,8160.0,18.4,2026-09-02T19:29:50.110292
London,51.5085,-0.1257,2026-09-02T13:00,19.7,64,16.6,218,35.3,0.0,3,100,1018.6,21560.0,18.2,2026-09-02T19:29:50.110300
London,51.5085,-0.1257,2026-09-02T14:00,20.6,59,18.4,216,39.6,0.0,3,100,1018.0,25200.0,18.7,2026-09-02T19:29:50.110308
London,51.5085,-0.1257,2026-09-02T15:00,21.0,59,19.1,214,42.8,0.0,3,100,1017.4,25560.0,19.1,2026-09-02T19:29:50.110320
London,51.5085,-0.1257,2026-09-02T16:00,20.7,65,20.9,222,42.8,0.0,3,100,1017.3,25560.0,18.9,2026-09-02T19:29:50.110328
London,51.5085,-0.1257,2026-09-02T17:00,19.7,74,20.9,216,44.3,0.0,3,100,1017.1,24740.0,18.4,2026-09-02T19:29:50.110338
London,51.5085,-0.1257,2026-09-02T18:00,19.3,81,22.7,220,43.6,0.1,51,100,1016.8,23800.0,18.0,2026-09-02T19:29:50.110347
London,51.5085,-0.1257,2026-09-02T19:00,19.2,84,16.6,220,34.6,0.0,3,100,1016.8,19020.0,19.1,2026-09-02T19:29:50.110355
London,51.5085,-0.1257,2026-09-02T20:00,19.4,82,15.8,234,34.6,0.0,3,100,1016.8,18880.0,19.2,2026-09-02T19:29:50.110363
London,51.5085,-0.1257,2026-09-02T21:00,19.4,82,14.8,228,32.0,0.0,3,100,1016.8,18840.0,19.4,2026-09-02T19:29:50.110375
London,51.5085,-0.1257,2026-09-02T22:00,19.4,83,14.8,234,32.4,0.0,3,100,1016.9,18420.0,19.5,2026-09-02T19:29:50.110383
London,51.5085,-0.1257,2026-09-02T23:00,19.4,82,14.4,242,29.5,0.0,3,100,1017.1,19200.0,19.5,2026-09-02T19:29:50.110391
London,51.5085,-0.1257,2026-09-03T00:00,19.2,82,15.8,232,34.6,0.0,3,93,1016.6,19760.0,19.0,2026-09-02T19:29:50.110399
London,51.5085,-0.1257,2026-09-03T01:00,19.1,82,16.2,236,33.8,0.0,3,100,1016.8,19640.0,18.8,2026-09-02T19:29:50.110407
London,51.5085,-0.1257,2026-09-03T02:00,19.1,81,15.5,242,33.5,0.0,3,100,1016.4,19280.0,18.9,2026-09-02T19:29:50.110415
London,51.5085,-0.1257,2026-09-03T03:00,19.1,84,15.8,238,34.6,0.0,3,100,1016.2,18420.0,19.0,2026-09-02T19:29:50.110423
London,51.5085,-0.1257,2026-09-03T04:00,19.1,85,16.9,242,32.8,0.0,3,100,1016.2,17620.0,19.0,2026-09-02T19:29:50.110431
London,51.5085,-0.1257,2026-09-03T05:00,19.1,87,16.2,246,33.8,0.0,3,100,1016.6,15840.0,19.2,2026-09-02T19:29:50.110440
London,51.5085,-0.1257,2026-09-03T06:00,19.2,84,14.8,248,33.1,0.0,3,100,1017.0,15120.0,19.3,2026-09-02T19:29:50.110448
London,51.5085,-0.1257,2026-09-03T07:00,19.4,79,15.8,246,32.8,0.0,3,100,1017.2,16760.0,19.0,2026-09-02T19:29:50.110460
London,51.5085,-0.1257,2026-09-03T08:00,19.9,73,16.6,250,35.3,0.0,3,100,1017.6,17880.0,19.2,2026-09-02T19:29:50.110473
London,51.5085,-0.1257,2026-09-03T09:00,20.7,72,15.8,250,37.4,0.0,3,100,1017.6,17640.0,20.2,2026-09-02T19:29:50.110482
London,51.5085,-0.1257,2026-09-03T10:00,21.8,65,16.6,252,37.4,0.0,3,100,1017.7,19240.0,21.1,2026-09-02T19:29:50.110490
London,51.5085,-0.1257,2026-09-03T11:00,22.4,61,17.3,252,38.5,0.0,3,100,1018.0,19660.0,21.4,2026-09-02T19:29:50.110498
London,51.5085,-0.1257,2026-09-03T12:00,23.2,57,14.8,258,39.2,0.0,3,100,1017.8,19800.0,22.5,2026-09-02T19:29:50.110506
London,51.5085,-0.1257,2026-09-03T13:00,23.8,56,16.9,260,41.8,0.0,3,98,1017.3,20640.0,22.9,2026-09-02T19:29:50.110514
London,51.5085,-0.1257,2026-09-03T14:00,24.2,58,17.3,256,38.9,0.0,3,92,1017.0,21060.0,23.5,2026-09-02T19:29:50.110522
London,51.5085,-0.1257,2026-09-03T15:00,24.4,63,16.6,246,40.7,0.0,3,84,1016.6,19320.0,24.4,2026-09-02T19:29:50.110530
London,51.5085,-0.1257,2026-09-03T16:00,24.5,62,15.8,258,41.0,0.0,2,73,1016.4,19300.0,24.5,2026-09-02T19:29:50.110538
London,51.5085,-0.1257,2026-09-03T17:00,24.5,60,21.6,238,43.6,0.0,2,79,1016.0,22860.0,23.5,2026-09-02T19:29:50.110550
London,51.5085,-0.1257,2026-09-03T18:00,24.0,63,16.9,250,33.8,0.0,3,84,1015.9,21220.0,23.8,2026-09-02T19:29:50.110558
London,51.5085,-0.1257,2026-09-03T19:00,23.1,61,18.4,250,28.4,0.0,0,0,1016.1,24920.0,22.1,2026-09-02T19:29:50.110566
London,51.5085,-0.1257,2026-09-03T20:00,21.9,77,16.2,222,30.2,0.0,3,91,1016.1,19180.0,22.4,2026-09-02T19:29:50.110574
London,51.5085,-0.1257,2026-09-03T21:00,21.2,79,17.3,228,32.8,0.0,3,98,1015.9,20160.0,21.3,2026-09-02T19:29:50.110582
London,51.5085,-0.1257,2026-09-03T22:00,20.6,80,17.6,228,41.0,0.0,2,51,1015.4,21920.0,20.5,2026-09-02T19:29:50.110590
London,51.5085,-0.1257,2026-09-03T23:00,20.3,80,19.1,232,39.2,0.0,3,81,1015.1,23140.0,19.9,2026-09-02T19:29:50.110598
London,51.5085,-0.1257,2026-09-04T00:00,19.9,81,19.4,228,36.7,0.0,3,100,1014.3,16940.0,19.3,2026-09-02T19:29:50.110606
London,51.5085,-0.1257,2026-09-04T01:00,20.1,80,19.8,230,42.1,0.0,2,59,1013.6,26140.0,19.5,2026-09-02T19:29:50.110614
London,51.5085,-0.1257,2026-09-04T02:00,19.9,78,20.9,232,43.6,0.0,2,67,1013.1,26180.0,18.9,2026-09-02T19:29:50.110622
London,51.5085,-0.1257,2026-09-04T03:00,19.8,81,21.2,224,47.9,0.0,3,91,1012.3,23400.0,18.9,2026-09-02T19:29:50.110634
London,51.5085,-0.1257,2026-09-04T04:00,19.7,80,22.0,232,48.2,0.0,3,91,1012.1,23580.0,18.6,2026-09-02T19:29:50.110642
London,51.5085,-0.1257,2026-09-04T05:00,19.6,82,21.6,232,46.8,0.0,3,86,1011.6,22000.0,18.8,2026-09-02T19:29:50.110650
London,51.5085,-0.1257,2026-09-04T06:00,19.7,82,21.2,230,46.1,0.0,3,95,1011.4,21080.0,18.9,2026-09-02T19:29:50.110658
London,51.5085,-0.1257,2026-09-04T07:00,20.2,80,20.2,234,45.7,0.0,3,98,1011.2,20040.0,19.6,2026-09-02T19:29:50.110666
London,51.5085,-0.1257,2026-09-04T08:00,19.9,88,18.4,260,47.2,0.0,3,100,1011.8,14160.0,20.1,2026-09-02T19:29:50.110674
London,51.5085,-0.1257,2026-09-04T09:00,18.7,83,17.3,286,46.4,0.0,3,100,1012.6,19880.0,18.1,2026-09-02T19:29:50.110682
London,51.5085,-0.1257,2026-09-04T10:00,19.0,72,15.5,286,48.2,0.0,3,98,1013.2,22900.0,18.0,2026-09-02T19:29:50.110690
London,51.5085,-0.1257,2026-09-04T11:00,19.2,64,18.0,270,36.7,0.3,51,100,1013.8,26480.0,17.3,2026-09-02T19:29:50.110698
London,51.5085,-0.1257,2026-09-04T12:00,19.5,57,18.0,270,41.0,0.0,3,100,1014.4,23060.0,17.2,2026-09-02T19:29:50.110706
London,51.5085,-0.1257,2026-09-04T13:00,20.4,53,17.6,262,36.4,0.2,51,100,1014.5,24420.0,18.0,2026-09-02T19:29:50.110718
London,51.5085,-0.1257,2026-09-04T14:00,21.4,42,16.6,276,36.4,0.0,3,100,1014.7,25140.0,18.4,2026-09-02T19:29:50.110726
London,51.5085,-0.1257,2026-09-04T15:00,21.6,38,17.3,276,40.0,0.0,3,100,1014.9,28280.0,18.3,2026-09-02T19:29:50.110734
London,51.5085,-0.1257,2026-09-04T16:00,21.7,37,14.4,280,43.0,0.0,3,98,1015.0,25700.0,18.7,2026-09-02T19:29:50.110742
London,51.5085,-0.1257,2026-09-04T17:00,21.3,37,17.6,274,40.7,0.0,3,100,1015.5,29680.0,17.7,2026-09-02T19:29:50.110750
London,51.5085,-0.1257,2026-09-04T18:00,20.7,39,16.6,282,40.3,0.0,3,100,1016.0,30360.0,17.4,2026-09-02T19:29:50.110758
London,51.5085,-0.1257,2026-09-04T19:00,19.8,45,16.3,297,37.8,0.0,3,48,1017.2,29125.0,16.8,2026-09-02T19:29:50.110766
London,51.5085,-0.1257,2026-09-04T20:00,19.0,46,16.7,293,36.7,0.0,3,100,1018.5,29710.0,15.8,2026-09-02T19:29:50.110774
London,51.5085,-0.1257,2026-09-04T21:00,18.2,51,16.4,291,34.6,0.0,3,100,1019.5,27290.0,15.2,2026-09-02T19:29:50.110784
London,51.5085,-0.1257,2026-09-04T22:00,17.8,53,15.5,286,31.3,0.0,2,67,1020.2,25500.0,15.0,2026-09-02T19:29:50.110792
London,51.5085,-0.1257,2026-09-04T23:00,17.6,53,13.7,279,27.0,0.0,1,22,1020.5,25460.0,15.0,2026-09-02T19:29:50.110804
London,51.5085,-0.1257,2026-09-05T00:00,17.3,54,11.9,272,23.8,0.0,0,0,1020.7,25440.0,15.0,2026-09-02T19:29:50.110812
London,51.5085,-0.1257,2026-09-05T01:00,16.8,56,10.8,270,21.6,0.0,1,26,1021.0,25420.0,14.7,2026-09-02T19:29:50.110820
London,51.5085,-0.1257,2026-09-05T02:00,16.3,58,10.4,269,20.2,0.0,2,73,1021.3,25380.0,14.2,2026-09-02T19:29:50.110828
London,51.5085,-0.1257,2026-09-05T03:00,15.8,60,9.7,267,19.1,0.0,3,100,1021.6,25360.0,13.8,2026-09-02T19:29:50.110836
London,51.5085,-0.1257,2026-09-05T04:00,15.3,63,9.0,267,17.6,0.0,3,80,1022.1,25220.0,13.6,2026-09-02T19:29:50.110844
London,51.5085,-0.1257,2026-09-05T05:00,15.0,66,8.6,268,16.6,0.0,1,39,1022.6,25080.0,13.3,2026-09-02T19:29:50.110852
London,51.5085,-0.1257,2026-09-05T06:00,14.9,67,8.3,268,15.8,0.0,0,11,1023.1,24940.0,13.3,2026-09-02T19:29:50.110860
London,51.5085,-0.1257,2026-09-05T07:00,15.1,66,8.3,270,16.2,0.0,0,13,1023.6,25200.0,13.5,2026-09-02T19:29:50.110873
London,51.5085,-0.1257,2026-09-05T08:00,15.5,64,8.6,271,17.3,0.0,1,27,1024.1,25460.0,13.9,2026-09-02T19:29:50.110881
London,51.5085,-0.1257,2026-09-05T09:00,16.2,61,8.6,273,18.4,0.0,1,38,1024.5,25720.0,14.5,2026-09-02T19:29:50.110892
London,51.5085,-0.1257,2026-09-05T10:00,17.1,56,8.6,269,19.8,0.0,1,38,1024.7,26200.0,15.3,2026-09-02T19:29:50.110904
London,51.5085,-0.1257,2026-09-05T11:00,18.2,49,8.6,265,21.2,0.0,1,35,1024.8,26680.0,16.2,2026-09-02T19:29:50.110913
London,51.5085,-0.1257,2026-09-05T12:00,19.2,44,8.6,261,22.0,0.0,1,31,1024.8,27160.0,17.0,2026-09-02T19:29:50.110920
London,51.5085,-0.1257,2026-09-05T13:00,20.0,41,8.3,258,22.3,0.0,1,28,1024.7,27180.0,17.8,2026-09-02T19:29:50.110928
London,51.5085,-0.1257,2026-09-05T14:00,20.7,40,7.9,256,22.0,0.0,1,25,1024.6,27200.0,18.7,2026-09-02T19:29:50.110936
London,51.5085,-0.1257,2026-09-05T15:00,21.2,40,7.6,253,20.9,0.0,1,22,1024.4,27220.0,19.4,2026-09-02T19:29:50.110944
London,51.5085,-0.1257,2026-09-05T16:00,21.4,41,6.8,251,18.7,0.0,1,21,1024.2,27060.0,19.8,2026-09-02T19:29:50.110952
London,51.5085,-0.1257,2026-09-05T17:00,21.5,43,5.8,248,16.2,0.0,1,21,1023.9,26920.0,20.2,2026-09-02T19:29:50.110960
London,51.5085,-0.1257,2026-09-05T18:00,21.4,45,5.0,246,14.0,0.0,0,19,1023.7,26760.0,20.3,2026-09-02T19:29:50.110968
London,51.5085,-0.1257,2026-09-05T19:00,21.3,46,5.0,240,13.3,0.0,0,13,1023.8,26720.0,20.3,2026-09-02T19:29:50.110980
London,51.5085,-0.1257,2026-09-05T20:00,21.0,47,5.4,233,13.3,0.0,0,5,1024.0,26680.0,20.0,2026-09-02T19:29:50.110988
London,51.5085,-0.1257,2026-09-05T21:00,20.7,49,5.8,227,13.0,0.0,0,0,1024.0,26640.0,19.7,2026-09-02T19:29:50.110996
London,51.5085,-0.1257,2026-09-05T22:00,20.1,53,5.4,215,11.5,0.0,0,0,1023.8,26480.0,19.3,2026-09-02T19:29:50.111004
London,51.5085,-0.1257,2026-09-05T23:00,19.3,57,5.0,203,9.7,0.0,0,0,1023.4,26300.0,18.7,2026-09-02T19:29:50.111012
London,51.5085,-0.1257,2026-09-06T00:00,18.6,60,4.7,191,9.0,0.0,0,2,1023.0,26140.0,18.1,2026-09-02T19:29:50.111020
London,51.5085,-0.1257,2026-09-06T01:00,18.2,61,5.0,178,10.1,0.0,1,34,1022.7,26160.0,17.7,2026-09-02T19:29:50.111028
London,51.5085,-0.1257,2026-09-06T02:00,17.9,60,6.1,165,12.2,0.0,2,77,1022.4,26160.0,17.0,2026-09-02T19:29:50.111036
London,51.5085,-0.1257,2026-09-06T03:00,17.7,61,6.8,152,14.0,0.0,3,98,1022.1,26180.0,16.7,2026-09-02T19:29:50.111044
London,51.5085,-0.1257,2026-09-06T04:00,17.3,64,7.2,142,15.1,0.0,2,75,1021.6,25820.0,16.3,2026-09-02T19:29:50.111052
London,51.5085,-0.1257,2026-09-06T05:00,16.9,68,7.9,132,15.8,0.0,1,30,1021.1,25480.0,16.0,2026-09-02T19:29:50.111064
London,51.5085,-0.1257,2026-09-06T06:00,16.8,70,8.3,122,16.6,0.0,0,0,1020.5,25120.0,16.0,2026-09-02T19:29:50.111072
London,51.5085,-0.1257,2026-09-06T07:00,17.2,71,8.6,122,17.6,0.0,0,6,1020.0,24980.0,16.5,2026-09-02T19:29:50.111080
London,51.5085,-0.1257,2026-09-06T08:00,17.9,70,9.0,122,18.7,0.0,1,27,1019.5,24820.0,17.3,2026-09-02T19:29:50.111088
London,51.5085,-0.1257,2026-09-06T09:00,19.0,67,10.1,122,20.9,0.0,1,39,1018.9,24680.0,18.3,2026-09-02T19:29:50.111096
London,51.5085,-0.1257,2026-09-06T10:00,20.8,59,11.9,132,24.8,0.0,1,30,1018.2,25120.0,19.9,2026-09-02T19:29:50.111104
London,51.5085,-0.1257,2026-09-06T11:00,23.1,49,14.0,141,29.9,0.0,0,13,1017.4,25560.0,21.6,2026-09-02T19:29:50.111112
London,51.5085,-0.1257,2026-09-06T12:00,24.9,42,15.8,151,33.5,0.0,0,0,1016.6,26000.0,22.9,2026-09-02T19:29:50.111120
London,51.5085,-0.1257,2026-09-06T13:00,25.8,42,16.2,162,34.6,0.0,0,0,1015.8,25640.0,24.0,2026-09-02T19:29:50.111128
London,51.5085,-0.1257,2026-09-06T14:00,26.3,45,16.2,172,34.2,0.0,0,0,1014.9,25300.0,25.0,2026-09-02T19:29:50.111136
London,51.5085,-0.1257,2026-09-06T15:00,26.3,49,16.2,183,34.2,0.0,0,0,1014.3,24940.0,25.4,2026-09-02T19:29:50.111148
London,51.5085,-0.1257,2026-09-06T16:00,25.7,53,17.3,192,36.0,0.0,1,33,1014.0,24620.0,25.0,2026-09-02T19:29:50.111156
London,51.5085,-0.1257,2026-09-06T17:00,24.8,58,18.4,202,38.2,0.0,2,77,1013.9,24320.0,24.1,2026-09-02T19:29:50.111165
London,51.5085,-0.1257,2026-09-06T18:00,23.8,62,19.1,211,39.2,0.0,3,100,1013.9,24000.0,23.1,2026-09-02T19:29:50.111173
London,51.5085,-0.1257,2026-09-06T19:00,22.8,66,18.4,217,37.8,0.0,2,79,1014.1,23660.0,22.2,2026-09-02T19:29:50.111181
London,51.5085,-0.1257,2026-09-06T20:00,21.8,69,17.3,223,35.3,0.0,1,36,1014.5,23300.0,21.3,2026-09-02T19:29:50.111189
London,51.5085,-0.1257,2026-09-06T21:00,21.1,72,16.6,229,33.5,0.0,0,5,1014.8,22960.0,20.6,2026-09-02T19:29:50.111197
London,51.5085,-0.1257,2026-09-06T22:00,20.7,75,16.6,229,33.5,0.0,0,0,1014.9,23060.0,20.4,2026-09-02T19:29:50.111205
London,51.5085,-0.1257,2026-09-06T23:00,20.6,77,16.9,230,33.8,0.0,0,1,1015.0,23140.0,20.4,2026-09-02T19:29:50.111213
London,51.5085,-0.1257,2026-09-07T00:00,20.4,79,16.9,230,33.8,0.0,0,13,1015.1,23240.0,20.3,2026-09-02T19:29:50.111221
London,51.5085,-0.1257,2026-09-07T01:00,20.0,80,16.2,232,32.8,0.0,1,39,1015.3,23300.0,19.8,2026-09-02T19:29:50.111232
London,51.5085,-0.1257,2026-09-07T02:00,19.4,80,15.5,234,31.3,0.0,2,75,1015.5,23380.0,19.2,2026-09-02T19:29:50.111241
London,51.5085,-0.1257,2026-09-07T03:00,19.0,80,14.8,236,29.9,0.0,3,100,1015.8,23440.0,18.7,2026-09-02T19:29:50.111248
London,51.5085,-0.1257,2026-09-07T04:00,18.9,81,14.0,242,28.8,0.0,3,100,1016.3,23460.0,18.8,2026-09-02T19:29:50.111256
London,51.5085,-0.1257,2026-09-07T05:00,18.9,82,13.7,249,27.7,0.0,3,100,1016.8,23500.0,18.9,2026-09-02T19:29:50.111264
London,51.5085,-0.1257,2026-09-07T06:00,18.9,80,13.7,255,27.4,0.0,3,100,1017.6,23520.0,18.7,2026-09-02T19:29:50.111272
London,51.5085,-0.1257,2026-09-07T07:00,18.6,74,14.0,268,28.4,0.0,2,67,1018.7,23780.0,17.8,2026-09-02T19:29:50.111280
London,51.5085,-0.1257,2026-09-07T08:00,18.2,65,15.1,282,30.6,0.0,1,24,1019.9,24060.0,16.4,2026-09-02T19:29:50.111288
London,51.5085,-0.1257,2026-09-07T09:00,18.1,57,15.5,295,32.0,0.0,0,0,1020.9,24320.0,15.7,2026-09-02T19:29:50.111296
London,51.5085,-0.1257,2026-09-07T10:00,18.7,52,15.5,289,32.4,0.0,0,15,1021.4,24420.0,16.0,2026-09-02T19:29:50.111304
London,51.5085,-0.1257,2026-09-07T11:00,19.5,49,15.1,283,32.4,0.0,2,50,1021.7,24520.0,16.9,2026-09-02T19:29:50.111316
London,51.5085,-0.1257,2026-09-07T12:00,20.4,46,14.8,277,32.4,0.0,2,78,1021.9,24620.0,17.8,2026-09-02T19:29:50.111324
London,51.5085,-0.1257,2026-09-07T13:00,21.2,43,14.8,276,33.1,0.0,3,89,1022.0,24700.0,18.5,2026-09-02T19:29:50.111336
London,51.5085,-0.1257,2026-09-07T14:00,21.9,39,15.1,275,33.8,0.0,3,92,1021.9,24800.0,19.0,2026-09-02T19:29:50.111344
London,51.5085,-0.1257,2026-09-07T15:00,22.3,38,15.5,274,34.2,0.0,3,95,1021.9,24880.0,19.4,2026-09-02T19:29:50.111352
London,51.5085,-0.1257,2026-09-07T16:00,22.3,39,15.8,273,34.2,0.0,3,98,1021.9,24900.0,19.3,2026-09-02T19:29:50.111360
London,51.5085,-0.1257,2026-09-07T17:00,21.9,42,16.2,273,34.2,0.0,3,100,1021.9,24920.0,19.1,2026-09-02T19:29:50.111368
London,51.5085,-0.1257,2026-09-07T18:00,21.4,45,16.2,272,33.8,0.0,3,100,1021.9,24940.0,18.8,2026-09-02T19:29:50.111376
London,51.5085,-0.1257,2026-09-07T19:00,20.9,48,16.2,269,33.1,0.0,3,99,1022.1,24920.0,18.4,2026-09-02T19:29:50.111384
London,51.5085,-0.1257,2026-09-07T20:00,20.2,51,15.8,265,32.0,0.0,3,96,1022.3,24920.0,17.8,2026-09-02T19:29:50.111392
London,51.5085,-0.1257,2026-09-07T21:00,19.5,55,15.1,262,30.6,0.0,3,94,1022.4,24900.0,17.4,2026-09-02T19:29:50.111404
London,51.5085,-0.1257,2026-09-07T22:00,19.0,59,13.3,256,27.0,0.0,3,96,1021.8,24760.0,17.3,2026-09-02T19:29:50.111412
London,51.5085,-0.1257,2026-09-07T23:00,18.3,63,12.6,251,25.2,0.0,3,95,1021.7,24600.0,16.8,2026-09-02T19:29:50.111424
London,51.5085,-0.1257,2026-09-08T00:00,17.7,66,11.9,245,23.8,0.0,3,94,1021.5,24460.0,16.4,2026-09-02T19:29:50.111433
London,51.5085,-0.1257,2026-09-08T01:00,17.2,68,11.5,241,22.7,0.0,3,94,1021.2,24320.0,15.9,2026-09-02T19:29:50.111441
London,51.5085,-0.1257,2026-09-08T02:00,16.7,70,10.8,237,21.6,0.0,3,95,1020.9,24180.0,15.5,2026-09-02T19:29:50.111449
London,51.5085,-0.1257,2026-09-08T03:00,16.2,72,10.4,234,20.9,0.0,3,97,1020.5,24040.0,15.0,2026-09-02T19:29:50.111457
London,51.5085,-0.1257,2026-09-08T04:00,15.8,73,10.4,230,20.5,0.0,3,98,1020.0,23900.0,14.6,2026-09-02T19:29:50.111465
London,51.5085,-0.1257,2026-09-08T05:00,15.6,74,10.4,226,20.5,0.0,3,99,1019.5,23760.0,14.3,2026-09-02T19:29:50.111473
London,51.5085,-0.1257,2026-09-08T06:00,15.5,74,10.8,222,21.6,0.0,3,100,1019.0,23620.0,14.2,2026-09-02T19:29:50.111481
London,51.5085,-0.1257,2026-09-08T07:00,15.7,73,11.9,222,23.8,0.0,3,100,1018.5,23760.0,14.3,2026-09-02T19:29:50.111493
London,51.5085,-0.1257,2026-09-08T08:00,16.1,72,13.3,221,27.0,0.0,3,100,1017.9,23920.0,14.5,2026-09-02T19:29:50.111501
London,51.5085,-0.1257,2026-09-08T09:00,16.7,70,15.1,221,31.0,0.0,3,100,1017.3,24080.0,14.8,2026-09-02T19:29:50.111509
London,51.5085,-0.1257,2026-09-08T10:00,17.2,68,16.9,221,34.9,0.0,3,100,1016.7,24220.0,15.1,2026-09-02T19:29:50.111517
London,51.5085,-0.1257,2026-09-08T11:00,17.8,66,18.7,220,38.5,0.0,3,100,1015.9,24380.0,15.4,2026-09-02T19:29:50.111525
London,51.5085,-0.1257,2026-09-08T12:00,18.1,65,20.2,220,41.4,0.0,3,100,1014.9,24520.0,15.6,2026-09-02T19:29:50.111533
London,51.5085,-0.1257,2026-09-08T13:00,18.4,65,21.2,216,43.6,0.0,3,100,1013.7,24380.0,15.8,2026-09-02T19:29:50.111541
London,51.5085,-0.1257,2026-09-08T14:00,18.5,66,22.0,211,45.0,0.0,3,100,1012.2,24260.0,15.9,2026-09-02T19:29:50.111549
London,51.5085,-0.1257,2026-09-08T15:00,18.7,68,22.7,207,46.1,0.0,3,100,1010.6,24140.0,16.2,2026-09-02T19:29:50.111557
London,51.5085,-0.1257,2026-09-08T16:00,18.7,69,23.0,203,47.2,0.0,3,100,1009.0,24000.0,16.3,2026-09-02T19:29:50.111565
London,51.5085,-0.1257,2026-09-08T17:00,18.7,70,23.4,198,47.9,0.0,3,100,1007.5,23880.0,16.2,2026-09-02T19:29:50.111578
London,51.5085,-0.1257,2026-09-08T18:00,18.6,71,23.8,194,48.2,0.0,3,100,1006.1,23740.0,16.1,2026-09-02T19:29:50.111586
London,51.5085,-0.1257,2026-09-08T19:00,18.3,71,23.8,199,48.6,0.8,53,93,1004.9,23940.0,15.8,2026-09-02T19:29:50.111594
London,51.5085,-0.1257,2026-09-08T20:00,17.9,71,23.8,205,48.2,0.8,53,83,1003.7,24140.0,15.2,2026-09-02T19:29:50.111602
London,51.5085,-0.1257,2026-09-08T21:00,17.4,70,23.8,210,47.9,0.8,53,72,1002.5,24360.0,14.5,2026-09-02T19:29:50.111610
London,51.5085,-0.1257,2026-09-08T22:00,16.9,70,23.4,215,47.5,0.8,53,61,1001.6,24560.0,13.9,2026-09-02T19:29:50.111618
London,51.5085,-0.1257,2026-09-08T23:00,16.5,69,23.0,221,47.2,0.8,53,51,1000.7,24760.0,13.3,2026-09-02T19:29:50.111626
New York,40.7128,-74.006,2026-08-23T00:00,21.2,87,8.4,130,17.6,0.0,3,100,1014.0,15700.0,23.3,2026-09-02T19:29:50.273404
New York,40.7128,-74.006,2026-08-23T01:00,20.9,87,8.0,126,22.3,0.0,1,42,1014.3,15900.0,23.0,2026-09-02T19:29:50.273429
New York,40.7128,-74.006,2026-08-23T02:00,21.4,83,8.6,123,15.8,0.0,2,50,1014.2,17700.0,23.3,2026-09-02T19:29:50.273439
New York,40.7128,-74.006,2026-08-23T03:00,20.7,87,5.1,98,19.4,0.0,0,4,1013.8,15900.0,23.1,2026-09-02T19:29:50.273453
New York,40.7128,-74.006,2026-08-23T04:00,20.0,90,6.9,96,17.6,0.0,0,5,1013.0,14000.0,22.1,2026-09-02T19:29:50.273461
New York,40.7128,-74.006,2026-08-23T05:00,20.1,90,3.3,103,12.2,0.0,1,43,1012.3,14600.0,22.8,2026-09-02T19:29:50.273470
New York,40.7128,-74.006,2026-08-23T06:00,20.6,90,5.8,112,16.6,0.0,1,33,1011.8,14400.0,23.1,2026-09-02T19:29:50.273477
New York,40.7128,-74.006,2026-08-23T07:00,20.5,91,6.4,63,16.2,0.0,3,100,1010.9,13700.0,23.0,2026-09-02T19:29:50.273485
New York,40.7128,-74.006,2026-08-23T08:00,20.9,92,7.3,101,18.4,0.0,3,100,1010.0,13800.0,23.5,2026-09-02T19:29:50.273493
New York,40.7128,-74.006,2026-08-23T09:00,20.9,93,9.6,103,19.4,0.0,3,100,1009.3,13100.0,23.2,2026-09-02T19:29:50.273501
New York,40.7128,-74.006,2026-08-23T10:00,21.0,95,8.9,43,20.5,0.0,3,100,1008.9,12500.0,23.6,2026-09-02T19:29:50.273510
New York,40.7128,-74.006,2026-08-23T11:00,19.9,94,8.4,350,22.0,52.6,65,100,1009.5,6300.0,22.0,2026-09-02T19:29:50.273518
New York,40.7128,-74.006,2026-08-23T12:00,19.9,95,4.4,145,7.2,0.0,3,99,1009.5,12200.0,22.7,2026-09-02T19:29:50.273526
New York,40.7128,-74.006,2026-08-23T13:00,21.6,96,4.4,171,11.5,0.0,3,100,1009.6,12300.0,25.3,2026-09-02T19:29:50.273538
New York,40.7128,-74.006,2026-08-23T14:00,22.6,85,8.3,252,9.4,0.0,0,7,1009.9,17100.0,25.3,2026-09-02T19:29:50.273547
New York,40.7128,-74.006,2026-08-23T15:00,23.5,85,5.4,262,17.6,0.0,2,79,1010.1,17400.0,27.0,2026-09-02T19:29:50.273555
New York,40.7128,-74.006,2026-08-23T16:00,24.8,76,7.5,235,18.0,0.0,3,100,1009.6,21200.0,28.2,2026-09-02T19:29:50.273563
New York,40.7128,-74.006,2026-08-23T17:00,25.7,69,11.6,234,21.6,0.0,3,100,1009.5,25000.0,27.7,2026-09-02T19:29:50.273571
New York,40.7128,-74.006,2026-08-23T18:00,26.3,64,15.8,223,26.3,0.0,3,100,1009.3,28800.0,28.3,2026-09-02T19:29:50.273579
New York,40.7128,-74.006,2026-08-23T19:00,26.6,59,17.2,237,23.8,0.0,0,2,1008.9,31900.0,28.3,2026-09-02T19:29:50.273587
New York,40.7128,-74.006,2026-08-23T20:00,26.8,58,15.8,229,24.8,0.0,0,0,1008.7,32600.0,28.0,2026-09-02T19:29:50.273595
New York,40.7128,-74.006,2026-08-23T21:00,26.4,54,13.6,233,28.8,0.0,0,0,1008.6,36100.0,26.7,2026-09-02T19:29:50.273603
New York,40.7128,-74.006,2026-08-23T22:00,26.8,48,15.6,236,28.4,0.0,0,0,1009.0,42000.0,26.2,2026-09-02T19:29:50.273611
New York,40.7128,-74.006,2026-08-23T23:00,25.6,51,16.1,241,28.1,0.0,0,0,1009.4,38500.0,24.8,2026-09-02T19:29:50.273623
New York,40.7128,-74.006,2026-08-24T00:00,23.9,54,16.3,242,33.8,0.4,51,100,1010.1,35900.0,22.9,2026-09-02T19:29:50.273631
New York,40.7128,-74.006,2026-08-24T01:00,22.4,60,14.5,240,34.6,0.0,0,0,1011.3,31300.0,21.6,2026-09-02T19:29:50.273639
New York,40.7128,-74.006,2026-08-24T02:00,21.7,64,9.5,217,22.3,0.0,3,100,1011.9,28300.0,21.8,2026-09-02T19:29:50.273647
New York,40.7128,-74.006,2026-08-24T03:00,21.7,74,10.4,256,28.4,0.0,0,0,1012.2,22600.0,22.6,2026-09-02T19:29:50.273655
New York,40.7128,-74.006,2026-08-24T04:00,21.2,70,8.1,249,15.1,0.0,0,4,1012.3,25000.0,21.9,2026-09-02T19:29:50.273663
New York,40.7128,-74.006,2026-08-24T05:00,20.1,78,6.3,246,12.6,0.0,0,0,1012.4,20500.0,21.3,2026-09-02T19:29:50.273671
New York,40.7128,-74.006,2026-08-24T06:00,19.7,79,2.8,230,4.7,0.0,0,0,1012.5,20000.0,21.4,2026-09-02T19:29:50.273679
New York,40.7128,-74.006,2026-08-24T07:00,18.9,81,5.6,220,11.5,0.0,0,0,1012.7,18800.0,19.9,2026-09-02T19:29:50.273687
New York,40.7128,-74.006,2026-08-24T08:00,18.1,85,3.7,241,8.3,0.0,0,0,1012.7,16500.0,19.5,2026-09-02T19:29:50.273695
New York,40.7128,-74.006,2026-08-24T09:00,17.8,85,1.6,243,4.3,0.0,0,0,1012.7,16500.0,19.4,2026-09-02T19:29:50.273707
New York,40.7128,-74.006,2026-08-24T10:00,17.6,84,2.1,239,6.5,0.0,0,0,1012.9,17200.0,18.9,2026-09-02T19:29:50.273715
New York,40.7128,-74.006,2026-08-24T11:00,18.2,89,3.4,212,7.6,0.0,0,4,1013.5,15000.0,20.0,2026-09-02T19:29:50.273723
New York,40.7128,-74.006,2026-08-24T12:00,20.5,83,5.7,198,9.7,0.0,0,0,1013.7,18200.0,22.4,2026-09-02T19:29:50.273731
New York,40.7128,-74.006,2026-08-24T13:00,22.8,66,11.5,238,18.7,0.0,0,0,1013.8,27400.0,23.2,2026-09-02T19:29:50.273739
New York,40.7128,-74.006,2026-08-24T14:00,23.5,60,14.5,215,23.8,0.0,0,14,1013.9,31200.0,23.1,2026-09-02T19:29:50.273747
New York,40.7128,-74.006,2026-08-24T15:00,24.8,54,16.8,222,26.6,0.0,0,1,1014.2,36000.0,24.8,2026-09-02T19:29:50.273754
New York,40.7128,-74.006,2026-08-24T16:00,26.2,51,18.1,224,33.8,0.0,0,1,1014.0,36600.0,26.7,2026-09-02T19:29:50.273762
New York,40.7128,-74.006,2026-08-24T17:00,26.1,55,14.3,231,29.5,0.0,0,17,1013.7,34100.0,28.0,2026-09-02T19:29:50.273770
New York,40.7128,-74.006,2026-08-24T18:00,27.1,51,16.1,231,33.1,0.0,1,26,1013.3,37000.0,28.0,2026-09-02T19:29:50.273778
New York,40.7128,-74.006,2026-08-24T19:00,27.6,46,17.3,234,37.8,0.0,1,44,1013.1,41300.0,27.5,2026-09-02T19:29:50.273790
New York,40.7128,-74.006,2026-08-24T20:00,26.9,50,12.0,224,26.3,0.0,1,42,1013.2,38800.0,27.0,2026-09-02T19:29:50.273798
New York,40.7128,-74.006,2026-08-24T21:00,26.3,53,17.3,247,34.9,0.0,0,6,1013.2,36200.0,25.9,2026-09-02T19:29:50.273806
New York,40.7128,-74.006,2026-08-24T22:00,26.2,46,16.6,229,29.5,0.0,0,0,1013.4,41600.0,24.9,2026-09-02T19:29:50.273814
New York,40.7128,-74.006,2026-08-24T23:00,24.2,45,17.1,263,29.5,0.0,0,3,1013.6,44300.0,22.2,2026-09-02T19:29:50.273822
New York,40.7128,-74.006,2026-08-25T00:00,23.0,48,10.3,282,24.8,0.0,0,0,1014.0,41600.0,21.9,2026-09-02T19:29:50.273830
New York,40.7128,-74.006,2026-08-25T01:00,21.3,54,9.8,264,24.1,0.0,0,0,1014.8,36000.0,20.3,2026-09-02T19:29:50.273841
New York,40.7128,-74.006,2026-08-25T02:00,20.1,62,9.8,276,17.6,0.0,0,0,1015.4,30000.0,19.5,2026-09-02T19:29:50.273849
New York,40.7128,-74.006,2026-08-25T03:00,19.8,66,8.3,270,17.3,0.0,0,0,1015.5,27400.0,19.7,2026-09-02T19:29:50.273857
New York,40.7128,-74.006,2026-08-25T04:00,19.5,69,6.1,273,13.3,0.0,0,0,1015.5,25400.0,19.8,2026-09-02T19:29:50.273865
New York,40.7128,-74.006,2026-08-25T05:00,18.7,66,8.7,287,16.2,0.0,0,0,1015.5,27500.0,18.2,2026-09-02T19:29:50.273877
New York,40.7128,-74.006,2026-08-25T06:00,18.7,61,11.3,277,29.5,0.0,0,0,1015.2,30600.0,17.4,2026-09-02T19:29:50.273885
New York,40.7128,-74.006,2026-08-25T07:00,17.7,70,8.7,277,14.8,0.0,0,0,1015.0,24700.0,17.1,2026-09-02T19:29:50.273892
New York,40.7128,-74.006,2026-08-25T08:00,17.4,72,6.6,279,16.2,0.0,0,0,1014.9,23700.0,17.2,2026-09-02T19:29:50.273900
New York,40.7128,-74.006,2026-08-25T09:00,17.2,73,8.3,268,12.2,0.0,0,0,1015.0,22900.0,16.7,2026-09-02T19:29:50.273974
New York,40.7128,-74.006,2026-08-25T10:00,16.7,79,9.4,266,15.8,0.0,0,0,1015.5,19400.0,16.3,2026-09-02T19:29:50.274023
New York,40.7128,-74.006,2026-08-25T11:00,17.0,80,4.5,256,15.1,0.0,0,0,1015.9,19600.0,17.5,2026-09-02T19:29:50.274036
New York,40.7128,-74.006,2026-08-25T12:00,19.0,74,6.8,267,19.1,0.0,0,1,1016.2,22200.0,19.4,2026-09-02T19:29:50.274045
New York,40.7128,-74.006,2026-08-25T13:00,20.2,69,12.6,268,14.4,0.0,0,4,1016.4,25300.0,19.8,2026-09-02T19:29:50.274053
New York,40.7128,-74.006,2026-08-25T14:00,21.4,70,9.7,297,12.6,0.0,0,1,1016.5,24400.0,22.0,2026-09-02T19:29:50.274060
New York,40.7128,-74.006,2026-08-25T15:00,22.6,65,8.1,291,15.8,0.0,1,22,1016.6,27500.0,24.3,2026-09-02T19:29:50.274075
New York,40.7128,-74.006,2026-08-25T16:00,23.7,62,11.3,279,20.9,0.0,3,100,1016.2,29200.0,25.2,2026-09-02T19:29:50.274083
New York,40.7128,-74.006,2026-08-25T17:00,24.3,57,13.7,275,20.2,0.0,3,100,1015.7,32000.0,24.1,2026-09-02T19:29:50.274092
New York,40.7128,-74.006,2026-08-25T18:00,25.3,55,18.9,291,21.6,0.0,1,45,1015.6,33500.0,25.2,2026-09-02T19:29:50.274100
New York,40.7128,-74.006,2026-08-25T19:00,25.8,51,16.2,287,21.2,0.0,1,34,1015.3,36700.0,25.1,2026-09-02T19:29:50.274112
New York,40.7128,-74.006,2026-08-25T20:00,26.6,48,14.8,276,21.2,0.0,1,35,1014.8,39500.0,26.4,2026-09-02T19:29:50.274120
New York,40.7128,-74.006,2026-08-25T21:00,26.6,46,13.3,273,20.9,0.0,1,30,1014.8,41600.0,26.0,2026-09-02T19:29:50.274129
New York,40.7128,-74.006,2026-08-25T22:00,26.3,46,13.7,284,19.1,0.0,0,13,1014.9,42300.0,25.6,2026-09-02T19:29:50.274136
New York,40.7128,-74.006,2026-08-25T23:00,25.2,49,14.8,271,22.3,0.0,0,0,1015.0,40000.0,24.2,2026-09-02T19:29:50.274145
New York,40.7128,-74.006,2026-08-26T00:00,23.9,53,9.9,260,20.5,0.0,0,8,1015.5,37200.0,23.6,2026-09-02T19:29:50.274153
New York,40.7128,-74.006,2026-08-26T01:00,21.9,67,10.5,262,26.6,0.0,0,3,1016.3,26000.0,22.3,2026-09-02T19:29:50.274164
New York,40.7128,-74.006,2026-08-26T02:00,21.0,72,8.3,275,21.2,0.0,0,1,1017.0,23300.0,21.8,2026-09-02T19:29:50.274172
New York,40.7128,-74.006,2026-08-26T03:00,20.4,74,5.9,308,17.6,0.0,0,1,1017.1,22300.0,21.5,2026-09-02T19:29:50.274180
New York,40.7128,-74.006,2026-08-26T04:00,19.9,73,6.6,315,24.8,0.0,0,0,1017.2,22900.0,20.6,2026-09-02T19:29:50.274188
New York,40.7128,-74.006,2026-08-26T05:00,19.2,78,7.4,299,19.1,0.0,0,0,1017.5,20300.0,19.9,2026-09-02T19:29:50.274196
New York,40.7128,-74.006,2026-08-26T06:00,18.8,76,7.4,317,20.5,0.0,0,16,1017.6,21200.0,19.2,2026-09-02T19:29:50.274204
New York,40.7128,-74.006,2026-08-26T07:00,18.3,81,5.0,270,14.8,0.0,0,0,1017.4,19100.0,19.2,2026-09-02T19:29:50.274212
New York,40.7128,-74.006,2026-08-26T08:00,17.7,84,6.1,273,15.1,0.0,0,0,1017.7,16900.0,18.4,2026-09-02T19:29:50.274220
New York,40.7128,-74.006,2026-08-26T09:00,17.5,86,5.8,266,14.8,0.0,0,0,1017.6,16300.0,18.4,2026-09-02T19:29:50.274228
New York,40.7128,-74.006,2026-08-26T10:00,17.3,86,4.0,280,11.5,0.0,0,0,1018.0,16200.0,18.3,2026-09-02T19:29:50.274236
New York,40.7128,-74.006,2026-08-26T11:00,17.4,89,2.3,321,14.0,0.0,0,1,1018.5,15400.0,18.9,2026-09-02T19:29:50.274248
New York,40.7128,-74.006,2026-08-26T12:00,19.5,82,6.4,313,15.1,0.0,0,14,1019.0,18400.0,20.8,2026-09-02T19:29:50.274256
New York,40.7128,-74.006,2026-08-26T13:00,20.6,77,10.0,322,17.6,0.0,0,0,1019.2,21000.0,21.3,2026-09-02T19:29:50.274264
New York,40.7128,-74.006,2026-08-26T14:00,22.0,66,5.9,313,9.7,0.0,1,47,1019.0,26700.0,23.0,2026-09-02T19:29:50.274271
New York,40.7128,-74.006,2026-08-26T15:00,23.7,64,5.0,291,12.2,0.0,0,9,1019.2,28600.0,26.2,2026-09-02T19:29:50.274279
New York,40.7128,-74.006,2026-08-26T16:00,24.9,61,7.6,251,16.2,0.0,0,8,1018.9,29300.0,27.8,2026-09-02T19:29:50.274287
New York,40.7128,-74.006,2026-08-26T17:00,26.6,54,6.6,241,11.9,0.0,0,13,1018.6,34000.0,29.8,2026-09-02T19:29:50.274295
New York,40.7128,-74.006,2026-08-26T18:00,27.4,50,7.4,209,12.2,0.0,0,1,1018.2,37600.0,30.3,2026-09-02T19:29:50.274303
New York,40.7128,-74.006,2026-08-26T19:00,27.8,48,7.7,191,14.0,0.0,0,11,1017.6,39300.0,30.1,2026-09-02T19:29:50.274311
New York,40.7128,-74.006,2026-08-26T20:00,28.0,44,10.7,194,15.5,0.0,0,14,1017.3,43600.0,28.7,2026-09-02T19:29:50.274319
New York,40.7128,-74.006,2026-08-26T21:00,26.4,55,16.3,158,19.4,0.0,0,6,1017.2,33200.0,26.3,2026-09-02T19:29:50.274331
New York,40.7128,-74.006,2026-08-26T22:00,25.2,65,17.2,151,21.2,0.0,1,27,1017.1,25700.0,25.6,2026-09-02T19:29:50.274340
New York,40.7128,-74.006,2026-08-26T23:00,24.1,71,12.6,167,18.0,0.0,2,57,1017.1,22500.0,25.5,2026-09-02T19:29:50.274348
New York,40.7128,-74.006,2026-08-27T00:00,23.1,74,9.0,164,23.0,0.0,0,0,1016.9,21000.0,24.8,2026-09-02T19:29:50.274356
New York,40.7128,-74.006,2026-08-27T01:00,22.4,85,6.8,155,18.4,0.0,0,3,1017.2,15900.0,25.1,2026-09-02T19:29:50.274369
New York,40.7128,-74.006,2026-08-27T02:00,22.4,84,5.0,150,21.6,0.0,0,5,1017.5,17000.0,25.3,2026-09-02T19:29:50.274377
New York,40.7128,-74.006,2026-08-27T03:00,22.1,85,7.0,168,24.1,0.0,2,78,1017.7,16400.0,24.7,2026-09-02T19:29:50.274385
New York,40.7128,-74.006,2026-08-27T04:00,21.9,82,4.7,180,21.6,0.0,3,99,1017.7,18200.0,24.5,2026-09-02T19:29:50.274393
New York,40.7128,-74.006,2026-08-27T05:00,22.7,79,4.1,195,15.5,0.0,3,95,1017.6,19800.0,25.4,2026-09-02T19:29:50.274401
New York,40.7128,-74.006,2026-08-27T06:00,21.7,87,6.9,174,19.1,0.0,1,49,1017.4,15300.0,24.3,2026-09-02T19:29:50.274409
New York,40.7128,-74.006,2026-08-27T07:00,22.1,85,6.2,190,15.1,0.0,0,5,1017.3,17000.0,24.8,2026-09-02T19:29:50.274421
New York,40.7128,-74.006,2026-08-27T08:00,21.3,86,5.9,194,13.7,0.0,0,0,1017.2,16100.0,23.8,2026-09-02T19:29:50.274429
New York,40.7128,-74.006,2026-08-27T09:00,21.5,85,5.6,195,9.0,0.0,0,4,1017.0,16200.0,24.0,2026-09-02T19:29:50.274437
New York,40.7128,-74.006,2026-08-27T10:00,21.4,90,6.0,205,15.1,0.0,3,99,1017.1,13900.0,24.2,2026-09-02T19:29:50.274445
New York,40.7128,-74.006,2026-08-27T11:00,21.7,91,7.9,231,14.8,0.0,3,99,1017.7,13800.0,24.5,2026-09-02T19:29:50.274453
New York,40.7128,-74.006,2026-08-27T12:00,22.1,87,6.3,257,18.0,0.7,53,100,1017.3,15500.0,25.0,2026-09-02T19:29:50.274461
New York,40.7128,-74.006,2026-08-27T13:00,23.6,83,1.1,180,17.3,0.0,3,100,1017.6,16900.0,27.6,2026-09-02T19:29:50.274469
New York,40.7128,-74.006,2026-08-27T14:00,23.1,87,4.3,294,13.7,0.0,3,100,1017.5,15900.0,26.8,2026-09-02T19:29:50.274477
New York,40.7128,-74.006,2026-08-27T15:00,24.9,87,7.7,143,16.6,0.0,3,99,1017.0,16500.0,29.4,2026-09-02T19:29:50.274485
New York,40.7128,-74.006,2026-08-27T16:00,24.6,91,18.0,151,23.8,0.0,3,99,1016.7,14600.0,28.4,2026-09-02T19:29:50.274493
New York,40.7128,-74.006,2026-08-27T17:00,23.9,85,16.5,110,34.6,0.0,3,100,1016.0,16200.0,26.0,2026-09-02T19:29:50.274506
New York,40.7128,-74.006,2026-08-27T18:00,22.3,98,20.2,181,33.5,7.2,63,100,1016.8,1800.0,24.2,2026-09-02T19:29:50.274514
New York,40.7128,-74.006,2026-08-27T19:00,21.4,87,11.3,117,20.5,5.8,63,100,1016.4,15000.0,23.2,2026-09-02T19:29:50.274522
New York,40.7128,-74.006,2026-08-27T20:00,22.4,94,9.6,110,22.0,0.0,3,100,1016.0,13500.0,25.6,2026-09-02T19:29:50.274530
New York,40.7128,-74.006,2026-08-27T21:00,21.8,97,13.5,151,31.3,0.0,3,100,1015.4,4400.0,24.4,2026-09-02T19:29:50.274542
New York,40.7128,-74.006,2026-08-27T22:00,23.2,89,9.8,197,27.7,0.0,3,100,1014.8,15400.0,26.4,2026-09-02T19:29:50.274550
New York,40.7128,-74.006,2026-08-27T23:00,22.5,92,10.2,188,31.3,0.0,3,83,1014.5,13000.0,25.5,2026-09-02T19:29:50.274558
New York,40.7128,-74.006,2026-08-28T00:00,22.6,87,8.4,205,27.4,0.0,3,84,1013.9,15600.0,25.4,2026-09-02T19:29:50.274566
New York,40.7128,-74.006,2026-08-28T01:00,21.8,87,3.8,287,11.2,0.0,3,99,1014.8,16300.0,24.9,2026-09-02T19:29:50.274574
New York,40.7128,-74.006,2026-08-28T02:00,21.2,89,3.1,339,7.2,0.0,3,99,1014.8,15100.0,24.3,2026-09-02T19:29:50.274582
New York,40.7128,-74.006,2026-08-28T03:00,21.2,88,2.4,63,7.2,0.0,3,99,1015.3,15700.0,24.3,2026-09-02T19:29:50.274594
New York,40.7128,-74.006,2026-08-28T04:00,21.0,88,3.3,84,5.0,0.0,3,99,1015.4,15700.0,23.8,2026-09-02T19:29:50.274602
New York,40.7128,-74.006,2026-08-28T05:00,21.1,88,2.9,30,3.2,0.0,3,99,1015.3,15300.0,24.0,2026-09-02T19:29:50.274610
New York,40.7128,-74.006,2026-08-28T06:00,21.4,88,3.6,264,3.6,0.0,3,100,1015.1,14400.0,24.5,2026-09-02T19:29:50.274618
New York,40.7128,-74.006,2026-08-28T07:00,20.9,90,7.4,113,9.0,0.0,2,75,1014.0,14400.0,23.3,2026-09-02T19:29:50.274626
New York,40.7128,-74.006,2026-08-28T08:00,20.9,86,0.0,270,2.2,0.0,0,2,1013.8,16200.0,24.0,2026-09-02T19:29:50.274634
New York,40.7128,-74.006,2026-08-28T09:00,20.7,89,5.8,300,8.3,0.0,2,60,1014.1,14700.0,23.2,2026-09-02T19:29:50.274642
New York,40.7128,-74.006,2026-08-28T10:00,20.9,92,1.8,11,2.5,0.0,3,100,1014.2,13700.0,24.3,2026-09-02T19:29:50.274650
New York,40.7128,-74.006,2026-08-28T11:00,20.9,94,2.9,330,4.3,0.0,3,99,1014.8,13000.0,24.3,2026-09-02T19:29:50.274658
New York,40.7128,-74.006,2026-08-28T12:00,21.5,94,2.5,262,5.0,0.0,3,99,1015.3,13100.0,25.3,2026-09-02T19:29:50.274666
New York,40.7128,-74.006,2026-08-28T13:00,22.3,92,4.5,284,5.4,0.0,3,100,1015.6,14300.0,26.0,2026-09-02T19:29:50.274678
New York,40.7128,-74.006,2026-08-28T14:00,23.2,87,5.4,274,7.9,0.0,1,35,1016.1,16500.0,26.8,2026-09-02T19:29:50.274686
New York,40.7128,-74.006,2026-08-28T15:00,25.0,89,6.5,264,9.7,0.0,3,100,1016.4,15900.0,30.1,2026-09-02T19:29:50.274694
New York,40.7128,-74.006,2026-08-28T16:00,26.0,73,8.4,295,9.7,0.0,0,10,1016.2,23100.0,30.4,2026-09-02T19:29:50.274703
New York,40.7128,-74.006,2026-08-28T17:00,26.8,68,9.2,296,11.9,0.0,1,22,1015.7,25700.0,31.2,2026-09-02T19:29:50.274710
New York,40.7128,-74.006,2026-08-28T18:00,27.3,59,5.0,291,10.1,0.0,2,53,1015.8,32100.0,31.4,2026-09-02T19:29:50.274718
New York,40.7128,-74.006,2026-08-28T19:00,27.7,53,8.2,255,14.0,0.0,0,10,1015.6,37200.0,30.4,2026-09-02T19:29:50.274726
New York,40.7128,-74.006,2026-08-28T20:00,28.1,62,3.2,153,11.9,0.0,0,4,1015.4,29900.0,32.3,2026-09-02T19:29:50.274734
New York,40.7128,-74.006,2026-08-28T21:00,28.1,58,6.1,208,13.0,0.0,1,26,1015.4,32900.0,30.7,2026-09-02T19:29:50.274742
New York,40.7128,-74.006,2026-08-28T22:00,27.4,69,5.2,146,10.1,0.0,0,9,1015.6,25400.0,31.2,2026-09-02T19:29:50.274750
New York,40.7128,-74.006,2026-08-28T23:00,26.4,71,4.5,346,13.7,0.0,0,2,1015.7,24400.0,30.0,2026-09-02T19:29:50.274762
New York,40.7128,-74.006,2026-08-29T00:00,24.9,63,14.8,356,34.2,0.0,1,21,1016.2,29400.0,25.4,2026-09-02T19:29:50.274771
New York,40.7128,-74.006,2026-08-29T01:00,23.4,67,11.3,333,32.0,0.0,1,26,1016.9,26800.0,24.2,2026-09-02T19:29:50.274779
New York,40.7128,-74.006,2026-08-29T02:00,22.7,67,8.6,338,18.7,0.0,0,3,1017.6,26400.0,23.7,2026-09-02T19:29:50.274787
New York,40.7128,-74.006,2026-08-29T03:00,22.1,66,9.5,323,25.2,0.0,3,97,1018.0,27300.0,22.6,2026-09-02T19:29:50.274794
New York,40.7128,-74.006,2026-08-29T04:00,21.0,67,8.1,328,18.4,0.0,0,0,1018.7,26300.0,21.4,2026-09-02T19:29:50.274802
New York,40.7128,-74.006,2026-08-29T05:00,19.8,66,8.6,327,19.4,0.0,0,0,1019.6,26900.0,19.6,2026-09-02T19:29:50.274810
New York,40.7128,-74.006,2026-08-29T06:00,19.1,74,7.4,331,26.3,0.0,0,0,1020.1,22200.0,19.5,2026-09-02T19:29:50.274818
New York,40.7128,-74.006,2026-08-29T07:00,17.9,82,6.0,335,23.4,0.0,0,0,1020.3,17600.0,18.7,2026-09-02T19:29:50.274826
New York,40.7128,-74.006,2026-08-29T08:00,17.3,78,7.0,339,32.0,0.0,0,0,1020.9,20600.0,17.4,2026-09-02T19:29:50.274834
New York,40.7128,-74.006,2026-08-29T09:00,16.6,74,10.9,343,26.3,0.0,0,0,1021.6,22400.0,15.7,2026-09-02T19:29:50.274846
New York,40.7128,-74.006,2026-08-29T10:00,16.1,76,8.0,342,28.1,0.0,0,0,1022.1,21400.0,15.5,2026-09-02T19:29:50.274854
New York,40.7128,-74.006,2026-08-29T11:00,16.0,79,8.7,336,18.0,0.0,0,4,1022.6,20200.0,15.5,2026-09-02T19:29:50.274862
New York,40.7128,-74.006,2026-08-29T12:00,17.5,73,11.6,344,28.4,0.0,0,0,1023.2,22800.0,16.7,2026-09-02T19:29:50.274870
New York,40.7128,-74.006,2026-08-29T13:00,19.0,65,13.4,355,24.8,0.0,0,0,1023.3,28100.0,17.8,2026-09-02T19:29:50.274878
New York,40.7128,-74.006,2026-08-29T14:00,20.4,57,14.0,1,22.7,0.0,0,0,1023.7,33500.0,18.9,2026-09-02T19:29:50.274886
New York,40.7128,-74.006,2026-08-29T15:00,21.8,55,10.6,18,14.8,0.0,0,0,1024.0,35300.0,21.9,2026-09-02T19:29:50.274894
New York,40.7128,-74.006,2026-08-29T16:00,22.9,48,6.1,40,11.5,0.0,0,0,1024.0,42000.0,24.1,2026-09-02T19:29:50.274902
New York,40.7128,-74.006,2026-08-29T17:00,23.9,43,3.8,17,6.8,0.0,0,0,1023.8,46600.0,25.6,2026-09-02T19:29:50.274914
New York,40.7128,-74.006,2026-08-29T18:00,25.0,38,2.0,315,7.9,0.0,0,0,1023.7,52700.0,26.8,2026-09-02T19:29:50.274922
New York,40.7128,-74.006,2026-08-29T19:00,25.6,35,4.2,301,11.5,0.0,0,0,1023.1,57200.0,26.4,2026-09-02T19:29:50.274933
New York,40.7128,-74.006,2026-08-29T20:00,25.7,34,4.7,261,9.4,0.0,0,2,1022.7,58500.0,25.5,2026-09-02T19:29:50.274941
New York,40.7128,-74.006,2026-08-29T21:00,25.4,37,1.5,256,9.7,0.0,0,7,1022.4,54000.0,25.1,2026-09-02T19:29:50.274949
New York,40.7128,-74.006,2026-08-29T22:00,23.8,46,8.9,201,13.7,0.0,0,0,1021.5,44000.0,23.0,2026-09-02T19:29:50.274957
New York,40.7128,-74.006,2026-08-29T23:00,22.1,47,5.3,208,10.4,0.0,0,0,1022.0,43000.0,21.5,2026-09-02T19:29:50.274965
New York,40.7128,-74.006,2026-08-30T00:00,21.2,54,7.8,236,20.2,0.0,0,0,1021.9,35900.0,20.6,2026-09-02T19:29:50.274977
New York,40.7128,-74.006,2026-08-30T01:00,20.2,55,4.4,279,5.8,0.0,0,0,1021.9,35400.0,19.8,2026-09-02T19:29:50.274985
New York,40.7128,-74.006,2026-08-30T02:00,19.7,54,2.0,135,2.5,0.0,0,0,1022.4,35800.0,19.4,2026-09-02T19:29:50.274993
New York,40.7128,-74.006,2026-08-30T03:00,19.2,60,5.9,218,7.6,0.0,0,0,1022.4,31300.0,18.8,2026-09-02T19:29:50.275001
New York,40.7128,-74.006,2026-08-30T04:00,18.6,65,6.2,291,13.3,0.0,0,1,1022.5,27800.0,18.3,2026-09-02T19:29:50.275009
New York,40.7128,-74.006,2026-08-30T05:00,18.0,77,8.9,243,17.6,0.0,0,2,1022.5,21100.0,18.0,2026-09-02T19:29:50.275021
New York,40.7128,-74.006,2026-08-30T06:00,18.1,87,8.7,222,21.6,0.0,0,1,1022.8,14200.0,18.8,2026-09-02T19:29:50.275029
New York,40.7128,-74.006,2026-08-30T07:00,18.3,88,8.7,228,17.6,0.0,0,1,1022.8,14500.0,19.3,2026-09-02T19:29:50.275037
New York,40.7128,-74.006,2026-08-30T08:00,18.2,87,7.6,251,13.7,0.0,0,2,1022.7,15300.0,19.1,2026-09-02T19:29:50.275045
New York,40.7128,-74.006,2026-08-30T09:00,18.1,88,6.1,242,12.6,0.0,0,1,1022.3,15000.0,19.3,2026-09-02T19:29:50.275053
New York,40.7128,-74.006,2026-08-30T10:00,18.0,85,4.8,222,10.8,0.0,0,4,1022.4,17200.0,19.2,2026-09-02T19:29:50.275061
New York,40.7128,-74.006,2026-08-30T11:00,18.1,82,3.9,202,7.9,0.0,0,0,1022.4,18800.0,19.2,2026-09-02T19:29:50.275068
New York,40.7128,-74.006,2026-08-30T12:00,19.7,78,5.5,212,8.3,0.0,1,21,1022.5,20300.0,20.9,2026-09-02T19:29:50.275076
New York,40.7128,-74.006,2026-08-30T13:00,20.8,74,6.5,214,14.4,0.0,0,2,1022.4,22400.0,22.0,2026-09-02T19:29:50.275084
New York,40.7128,-74.006,2026-08-30T14:00,22.2,64,14.2,210,22.7,0.0,0,5,1022.1,28400.0,21.9,2026-09-02T19:29:50.275092
New York,40.7128,-74.006,2026-08-30T15:00,24.0,63,14.7,216,22.3,0.0,0,16,1021.6,29200.0,24.8,2026-09-02T19:29:50.275104
New York,40.7128,-74.006,2026-08-30T16:00,24.2,72,13.6,217,22.7,0.0,3,100,1021.0,23800.0,26.2,2026-09-02T19:29:50.275112
New York,40.7128,-74.006,2026-08-30T17:00,22.9,81,11.8,203,24.1,0.0,3,100,1020.4,18400.0,24.8,2026-09-02T19:29:50.275121
New York,40.7128,-74.006,2026-08-30T18:00,24.8,80,11.6,202,22.3,0.0,3,100,1020.0,19400.0,28.7,2026-09-02T19:29:50.275129
New York,40.7128,-74.006,2026-08-30T19:00,25.4,77,11.9,209,22.0,0.0,3,100,1019.3,20900.0,28.7,2026-09-02T19:29:50.275137
New York,40.7128,-74.006,2026-08-30T20:00,24.9,81,13.5,222,27.0,0.0,3,100,1018.6,18700.0,27.6,2026-09-02T19:29:50.275144
New York,40.7128,-74.006,2026-08-30T21:00,26.1,74,12.5,229,25.6,0.0,0,11,1018.1,22400.0,28.8,2026-09-02T19:29:50.275152
New York,40.7128,-74.006,2026-08-30T22:00,25.7,79,9.0,217,22.3,0.0,0,13,1017.9,19800.0,29.2,2026-09-02T19:29:50.275160
New York,40.7128,-74.006,2026-08-30T23:00,25.0,83,5.5,169,19.1,0.0,1,36,1017.8,17900.0,29.1,2026-09-02T19:29:50.275168
New York,40.7128,-74.006,2026-08-31T00:00,25.0,79,5.5,203,14.0,0.0,2,74,1018.0,19700.0,28.6,2026-09-02T19:29:50.275176
New York,40.7128,-74.006,2026-08-31T01:00,24.3,85,1.5,45,7.9,0.0,3,100,1018.6,16700.0,28.8,2026-09-02T19:29:50.275188
New York,40.7128,-74.006,2026-08-31T02:00,24.0,86,2.9,270,11.9,0.0,3,100,1019.2,16700.0,28.3,2026-09-02T19:29:50.275196
New York,40.7128,-74.006,2026-08-31T03:00,23.5,84,6.2,263,21.6,0.0,3,100,1018.6,17400.0,26.8,2026-09-02T19:29:50.275204
New York,40.7128,-74.006,2026-08-31T04:00,22.7,89,8.6,15,14.4,0.0,2,66,1018.7,14500.0,25.8,2026-09-02T19:29:50.275212
New York,40.7128,-74.006,2026-08-31T05:00,22.4,80,5.2,254,12.6,0.0,3,99,1018.9,19500.0,25.0,2026-09-02T19:29:50.275220
New York,40.7128,-74.006,2026-08-31T06:00,22.5,83,10.3,258,16.9,0.0,0,2,1018.9,17800.0,24.6,2026-09-02T19:29:50.275228
New York,40.7128,-74.006,2026-08-31T07:00,21.5,84,3.7,281,7.2,0.0,0,5,1018.8,17900.0,24.2,2026-09-02T19:29:50.275236
New York,40.7128,-74.006,2026-08-31T08:00,21.3,78,5.6,315,11.9,0.0,0,0,1018.7,20500.0,23.1,2026-09-02T19:29:50.275244
New York,40.7128,-74.006,2026-08-31T09:00,20.9,80,4.8,318,9.0,0.0,0,2,1018.7,19700.0,22.8,2026-09-02T19:29:50.275252
New York,40.7128,-74.006,2026-08-31T10:00,20.7,83,6.8,357,16.9,0.0,1,21,1019.1,18100.0,22.5,2026-09-02T19:29:50.275260
New York,40.7128,-74.006,2026-08-31T11:00,20.8,85,5.8,7,14.8,0.0,0,3,1019.6,16900.0,23.0,2026-09-02T19:29:50.275271
New York,40.7128,-74.006,2026-08-31T12:00,21.2,85,6.4,16,13.0,0.0,0,9,1020.1,17200.0,23.4,2026-09-02T19:29:50.275279
New York,40.7128,-74.006,2026-08-31T13:00,21.9,83,8.2,15,15.5,0.0,1,31,1020.1,18200.0,24.0,2026-09-02T19:29:50.275287
New York,40.7128,-74.006,2026-08-31T14:00,22.7,78,6.9,28,10.1,0.0,1,22,1020.3,20200.0,25.0,2026-09-02T19:29:50.275295
New York,40.7128,-74.006,2026-08-31T15:00,23.7,77,6.1,50,9.0,0.0,1,39,1020.5,20700.0,26.6,2026-09-02T19:29:50.275303
New York,40.7128,-74.006,2026-08-31T16:00,24.2,75,6.4,38,6.8,0.0,2,53,1020.2,21800.0,27.5,2026-09-02T19:29:50.275311
New York,40.7128,-74.006,2026-08-31T17:00,25.6,69,2.3,162,2.9,0.0,1,36,1020.0,24900.0,29.7,2026-09-02T19:29:50.275319
New York,40.7128,-74.006,2026-08-31T18:00,25.5,71,6.1,130,6.5,0.0,1,42,1019.9,23900.0,29.9,2026-09-02T19:29:50.275327
New York,40.7128,-74.006,2026-08-31T19:00,24.6,76,10.5,149,13.3,0.0,3,100,1019.8,20100.0,27.4,2026-09-02T19:29:50.275335
New York,40.7128,-74.006,2026-08-31T20:00,24.0,72,11.6,144,15.1,0.0,3,100,1019.2,21600.0,25.6,2026-09-02T19:29:50.275343
New York,40.7128,-74.006,2026-08-31T21:00,23.4,75,9.0,143,11.2,0.0,3,100,1018.8,20300.0,25.3,2026-09-02T19:29:50.275355
New York,40.7128,-74.006,2026-08-31T22:00,23.4,76,9.7,153,11.2,0.0,3,100,1018.7,20600.0,25.3,2026-09-02T19:29:50.275363
New York,40.7128,-74.006,2026-08-31T23:00,22.4,85,6.9,141,10.1,0.0,0,13,1018.4,16400.0,25.1,2026-09-02T19:29:50.275371
New York,40.7128,-74.006,2026-09-01T00:00,22.3,84,6.6,135,13.7,0.0,1,23,1018.2,17000.0,25.0,2026-09-02T19:29:50.275379
New York,40.7128,-74.006,2026-09-01T01:00,21.7,87,7.4,137,16.6,0.0,3,99,1018.2,15600.0,24.2,2026-09-02T19:29:50.275386
New York,40.7128,-74.006,2026-09-01T02:00,21.7,85,6.4,142,14.8,0.0,2,57,1018.4,16500.0,24.1,2026-09-02T19:29:50.275394
New York,40.7128,-74.006,2026-09-01T03:00,21.9,86,6.6,135,14.0,0.0,0,19,1018.2,15900.0,24.5,2026-09-02T19:29:50.275406
New York,40.7128,-74.006,2026-09-01T04:00,21.4,87,7.6,175,18.0,0.0,3,100,1017.7,15500.0,23.8,2026-09-02T19:29:50.275414
New York,40.7128,-74.006,2026-09-01T05:00,21.6,91,8.1,167,22.3,0.0,3,100,1017.6,14000.0,24.4,2026-09-02T19:29:50.275422
New York,40.7128,-74.006,2026-09-01T06:00,22.1,88,7.5,197,21.6,0.0,3,100,1017.1,14900.0,24.8,2026-09-02T19:29:50.275430
New York,40.7128,-74.006,2026-09-01T07:00,22.2,91,4.8,207,15.5,0.0,3,100,1016.7,14100.0,25.7,2026-09-02T19:29:50.275441
New York,40.7128,-74.006,2026-09-01T08:00,22.1,93,2.0,225,12.2,0.0,3,100,1016.4,13400.0,26.1,2026-09-02T19:29:50.275450
New York,40.7128,-74.006,2026-09-01T09:00,22.1,93,0.8,153,10.8,0.0,3,100,1016.3,12800.0,26.3,2026-09-02T19:29:50.275462
New York,40.7128,-74.006,2026-09-01T10:00,22.4,93,3.4,238,18.4,0.0,3,100,1015.9,13200.0,26.4,2026-09-02T19:29:50.275470
New York,40.7128,-74.006,2026-09-01T11:00,22.3,96,6.0,245,9.7,0.0,3,100,1016.1,12200.0,26.1,2026-09-02T19:29:50.275478
New York,40.7128,-74.006,2026-09-01T12:00,22.6,93,5.6,230,17.6,0.0,3,100,1016.1,13300.0,26.4,2026-09-02T19:29:50.275486
New York,40.7128,-74.006,2026-09-01T13:00,23.6,91,5.0,240,7.6,0.0,3,80,1015.9,2700.0,27.8,2026-09-02T19:29:50.275494
New York,40.7128,-74.006,2026-09-01T14:00,24.1,92,4.6,219,6.5,0.0,2,69,1015.9,3300.0,28.7,2026-09-02T19:29:50.275502
New York,40.7128,-74.006,2026-09-01T15:00,24.7,91,2.0,225,9.7,0.0,3,99,1016.2,14800.0,29.9,2026-09-02T19:29:50.275509
New York,40.7128,-74.006,2026-09-01T16:00,24.7,90,4.4,215,7.6,0.4,51,100,1016.1,15200.0,29.9,2026-09-02T19:29:50.275517
New York,40.7128,-74.006,2026-09-01T17:00,24.4,95,9.0,180,10.8,0.0,3,100,1014.8,3300.0,29.0,2026-09-02T19:29:50.275529
New York,40.7128,-74.006,2026-09-01T18:00,25.7,91,7.7,169,11.9,0.0,3,89,1014.1,15100.0,31.5,2026-09-02T19:29:50.275537
New York,40.7128,-74.006,2026-09-01T19:00,26.8,85,6.2,159,17.3,0.0,0,17,1014.1,17000.0,32.8,2026-09-02T19:29:50.275545
New York,40.7128,-74.006,2026-09-01T20:00,27.8,83,2.2,189,13.7,0.0,0,10,1013.9,17800.0,34.3,2026-09-02T19:29:50.275553
New York,40.7128,-74.006,2026-09-01T21:00,27.6,84,6.2,100,13.7,0.0,0,10,1013.9,17000.0,33.3,2026-09-02T19:29:50.275561
New York,40.7128,-74.006,2026-09-01T22:00,26.0,88,11.2,94,13.0,0.0,3,100,1013.8,15000.0,30.4,2026-09-02T19:29:50.275569
New York,40.7128,-74.006,2026-09-01T23:00,24.7,89,8.6,90,13.3,0.0,3,100,1014.7,14700.0,28.8,2026-09-02T19:29:50.275577
New York,40.7128,-74.006,2026-09-02T00:00,23.8,91,7.0,55,19.8,0.0,3,100,1015.3,14200.0,27.8,2026-09-02T19:29:50.275585
New York,40.7128,-74.006,2026-09-02T01:00,22.0,87,17.1,39,28.4,0.0,3,100,1015.5,15600.0,23.2,2026-09-02T19:29:50.275593
New York,40.7128,-74.006,2026-09-02T02:00,20.6,92,17.0,54,35.3,0.0,3,100,1016.3,13300.0,21.6,2026-09-02T19:29:50.275601
New York,40.7128,-74.006,2026-09-02T03:00,20.1,92,15.5,48,30.2,0.0,3,100,1017.2,13500.0,21.1,2026-09-02T19:29:50.275612
New York,40.7128,-74.006,2026-09-02T04:00,19.8,90,10.5,52,21.6,0.0,3,100,1017.9,14000.0,21.3,2026-09-02T19:29:50.275621
New York,40.7128,-74.006,2026-09-02T05:00,19.3,95,8.7,42,22.0,0.0,3,100,1018.3,12400.0,21.1,2026-09-02T19:29:50.275629
New York,40.7128,-74.006,2026-09-02T06:00,19.4,95,8.1,58,20.2,0.0,3,100,1018.5,12200.0,21.4,2026-09-02T19:29:50.275637
New York,40.7128,-74.006,2026-09-02T07:00,19.2,93,10.5,49,25.9,0.0,3,100,1018.1,12900.0,20.7,2026-09-02T19:29:50.275645
New York,40.7128,-74.006,2026-09-02T08:00,19.1,94,6.4,27,23.8,0.0,3,100,1018.5,13100.0,21.2,2026-09-02T19:29:50.275653
New York,40.7128,-74.006,2026-09-02T09:00,19.2,95,8.4,25,24.1,0.0,3,100,1018.9,12200.0,21.1,2026-09-02T19:29:50.275660
New York,40.7128,-74.006,2026-09-02T10:00,19.1,96,11.3,27,20.9,0.0,3,100,1019.2,12200.0,20.5,2026-09-02T19:29:50.275668
New York,40.7128,-74.006,2026-09-02T11:00,18.9,95,8.9,32,22.3,0.0,3,100,1019.8,12600.0,20.5,2026-09-02T19:29:50.275676
New York,40.7128,-74.006,2026-09-02T12:00,19.1,88,13.7,55,26.6,0.0,3,100,1019.9,15300.0,19.6,2026-09-02T19:29:50.275684
New York,40.7128,-74.006,2026-09-02T13:00,19.1,87,12.2,47,23.8,0.0,3,100,1020.2,15700.0,19.8,2026-09-02T19:29:50.275696
New York,40.7128,-74.006,2026-09-02T14:00,19.9,84,8.4,50,17.6,0.0,3,100,1020.7,17600.0,21.2,2026-09-02T19:29:50.275704
New York,40.7128,-74.006,2026-09-02T15:00,21.3,84,6.6,68,9.4,0.0,3,100,1020.7,17400.0,23.4,2026-09-02T19:29:50.275712
New York,40.7128,-74.006,2026-09-02T16:00,21.5,81,5.6,75,10.1,0.0,3,100,1020.6,18700.0,23.6,2026-09-02T19:29:50.275720
New York,40.7128,-74.006,2026-09-02T17:00,21.4,83,1.9,68,8.3,0.0,3,100,1020.6,17900.0,24.3,2026-09-02T19:29:50.275730
New York,40.7128,-74.006,2026-09-02T18:00,22.6,82,4.8,42,9.4,0.0,3,100,1019.9,18200.0,25.5,2026-09-02T19:29:50.275738
New York,40.7128,-74.006,2026-09-02T19:00,22.7,76,9.0,90,13.3,0.0,3,100,1018.8,21300.0,24.5,2026-09-02T19:29:50.275747
New York,40.7128,-74.006,2026-09-02T20:00,23.2,77,9.7,105,13.0,0.0,3,100,1019.1,20500.0,25.1,2026-09-02T19:29:50.275755
New York,40.7128,-74.006,2026-09-02T21:00,21.9,78,10.3,119,16.9,0.0,3,100,1019.2,20000.0,23.2,2026-09-02T19:29:50.275763
New York,40.7128,-74.006,2026-09-02T22:00,21.3,79,8.9,117,19.1,0.0,3,100,1019.6,19200.0,22.7,2026-09-02T19:29:50.275771
New York,40.7128,-74.006,2026-09-02T23:00,20.7,85,3.3,96,19.1,0.0,3,100,1019.1,17200.0,23.2,2026-09-02T19:29:50.275783
New York,40.7128,-74.006,2026-09-03T00:00,20.7,88,3.7,61,17.3,0.0,3,100,1019.0,15500.0,23.3,2026-09-02T19:29:50.275791
New York,40.7128,-74.006,2026-09-03T01:00,20.5,91,6.8,115,21.2,0.0,3,100,1018.8,14000.0,22.9,2026-09-02T19:29:50.275800
New York,40.7128,-74.006,2026-09-03T02:00,20.6,91,6.9,99,23.0,0.0,3,100,1018.8,13900.0,23.0,2026-09-02T19:29:50.275808
New York,40.7128,-74.006,2026-09-03T03:00,20.2,90,4.7,184,22.3,0.0,3,100,1018.2,13900.0,22.6,2026-09-02T19:29:50.275816
New York,40.7128,-74.006,2026-09-03T04:00,20.6,92,3.6,127,19.1,0.0,3,100,1018.4,13600.0,23.6,2026-09-02T19:29:50.275824
New York,40.7128,-74.006,2026-09-03T05:00,20.6,93,7.1,139,23.4,0.0,3,100,1017.3,12900.0,23.1,2026-09-02T19:29:50.275832
New York,40.7128,-74.006,2026-09-03T06:00,20.8,92,7.6,172,20.9,0.0,3,100,1017.8,13300.0,23.3,2026-09-02T19:29:50.275840
New York,40.7128,-74.006,2026-09-03T07:00,21.0,93,7.9,164,22.0,0.0,3,100,1016.7,12900.0,23.6,2026-09-02T19:29:50.275852
New York,40.7128,-74.006,2026-09-03T08:00,21.2,94,12.2,199,24.5,0.0,3,100,1016.0,12500.0,23.4,2026-09-02T19:29:50.275861
New York,40.7128,-74.006,2026-09-03T09:00,21.2,94,9.7,225,19.4,0.0,3,100,1016.2,12400.0,23.8,2026-09-02T19:29:50.275873
New York,40.7128,-74.006,2026-09-03T10:00,20.5,96,12.9,324,26.3,2.5,63,100,1016.5,3000.0,22.4,2026-09-02T19:29:50.275881
New York,40.7128,-74.006,2026-09-03T11:00,20.3,97,3.6,90,10.4,0.0,3,100,1016.9,12200.0,23.5,2026-09-02T19:29:50.275889
New York,40.7128,-74.006,2026-09-03T12:00,21.6,90,13.5,189,25.6,0.0,3,100,1015.1,14000.0,23.5,2026-09-02T19:29:50.275897
New York,40.7128,-74.006,2026-09-03T13:00,22.0,89,14.1,199,23.8,0.0,3,100,1015.2,14800.0,23.9,2026-09-02T19:29:50.275905
New York,40.7128,-74.006,2026-09-03T14:00,22.8,88,15.0,228,33.8,0.0,3,100,1015.2,15400.0,24.9,2026-09-02T19:29:50.275913
New York,40.7128,-74.006,2026-09-03T15:00,24.1,89,16.2,212,36.0,0.0,3,92,1015.3,15200.0,26.8,2026-09-02T19:29:50.275921
New York,40.7128,-74.006,2026-09-03T16:00,25.1,87,18.6,224,33.5,0.0,3,100,1015.2,15600.0,27.8,2026-09-02T19:29:50.275929
New York,40.7128,-74.006,2026-09-03T17:00,26.2,86,18.4,231,34.9,0.0,3,100,1014.3,16500.0,29.5,2026-09-02T19:29:50.275937
New York,40.7128,-74.006,2026-09-03T18:00,27.4,81,19.9,224,35.6,0.0,3,100,1013.2,18600.0,31.4,2026-09-02T19:29:50.275945
New York,40.7128,-74.006,2026-09-03T19:00,27.6,76,13.6,238,31.0,0.0,3,100,1012.1,21200.0,31.2,2026-09-02T19:29:50.275957
New York,40.7128,-74.006,2026-09-03T20:00,28.0,75,10.5,218,23.8,0.0,3,100,1012.0,21900.0,32.4,2026-09-02T19:29:50.275965
New York,40.7128,-74.006,2026-09-03T21:00,27.7,76,12.2,214,22.7,0.0,3,100,1011.5,21000.0,31.4,2026-09-02T19:29:50.275973
New York,40.7128,-74.006,2026-09-03T22:00,27.0,79,10.1,235,24.1,0.0,3,100,1011.0,19700.0,31.1,2026-09-02T19:29:50.275981
New York,40.7128,-74.006,2026-09-03T23:00,25.6,82,9.3,234,19.4,0.0,0,2,1011.4,17400.0,29.3,2026-09-02T19:29:50.275989
New York,40.7128,-74.006,2026-09-04T00:00,24.6,85,11.3,243,23.0,0.0,3,100,1012.7,16000.0,27.8,2026-09-02T19:29:50.275997
New York,40.7128,-74.006,2026-09-04T01:00,24.0,85,10.1,243,21.6,0.0,3,100,1012.5,16000.0,27.0,2026-09-02T19:29:50.276009
New York,40.7128,-74.006,2026-09-04T02:00,23.5,85,12.3,238,23.4,0.0,3,100,1012.0,16100.0,26.0,2026-09-02T19:29:50.276017
New York,40.7128,-74.006,2026-09-04T03:00,23.3,87,11.3,233,19.8,0.0,3,100,1012.5,15200.0,26.0,2026-09-02T19:29:50.276025
New York,40.7128,-74.006,2026-09-04T04:00,23.2,88,13.5,236,23.4,0.0,3,100,1012.4,14600.0,25.6,2026-09-02T19:29:50.276033
New York,40.7128,-74.006,2026-09-04T05:00,23.2,89,12.1,240,20.2,0.0,2,60,1012.2,14400.0,25.9,2026-09-02T19:29:50.276045
New York,40.7128,-74.006,2026-09-04T06:00,22.9,89,13.2,244,21.2,0.0,3,100,1011.8,14400.0,25.4,2026-09-02T19:29:50.276053
New York,40.7128,-74.006,2026-09-04T07:00,22.4,86,11.7,261,22.3,0.0,3,100,1012.0,15600.0,24.5,2026-09-02T19:29:50.276061
New York,40.7128,-74.006,2026-09-04T08:00,22.0,85,11.6,244,19.4,0.0,3,100,1012.3,15900.0,23.8,2026-09-02T19:29:50.276069
New York,40.7128,-74.006,2026-09-04T09:00,21.7,84,13.9,245,22.0,0.0,3,100,1012.0,16500.0,23.0,2026-09-02T19:29:50.276077
New York,40.7128,-74.006,2026-09-04T10:00,22.1,81,12.2,259,23.1,0.0,3,100,1011.7,16925.0,23.5,2026-09-02T19:29:50.276085
New York,40.7128,-74.006,2026-09-04T11:00,22.6,79,12.0,287,14.9,0.0,3,100,1011.4,20020.0,24.1,2026-09-02T19:29:50.276093
New York,40.7128,-74.006,2026-09-04T12:00,23.5,77,12.3,301,16.6,0.23,0,79,1011.5,22280.0,25.1,2026-09-02T19:29:50.276101
New York,40.7128,-74.006,2026-09-04T13:00,24.7,72,13.0,304,6.5,0.4,51,34,1011.3,24140.0,26.4,2026-09-02T19:29:50.276109
New York,40.7128,-74.006,2026-09-04T14:00,25.4,71,12.2,304,7.2,0.3,51,100,1011.0,24140.0,27.4,2026-09-02T19:29:50.276117
New York,40.7128,-74.006,2026-09-04T15:00,26.8,67,11.9,295,11.5,0.0,3,100,1011.0,24140.0,29.3,2026-09-02T19:29:50.276129
New York,40.7128,-74.006,2026-09-04T16:00,28.1,62,13.5,299,14.8,0.0,3,100,1010.7,24140.0,30.9,2026-09-02T19:29:50.276137
New York,40.7128,-74.006,2026-09-04T17:00,29.4,57,13.6,302,19.8,0.0,3,100,1010.0,24140.0,32.0,2026-09-02T19:29:50.276145
New York,40.7128,-74.006,2026-09-04T18:00,28.4,61,23.0,305,30.6,0.3,51,100,1010.0,8880.0,29.0,2026-09-02T19:29:50.276153
New York,40.7128,-74.006,2026-09-04T19:00,25.3,78,9.4,317,29.9,0.8,53,100,1009.9,8020.0,28.4,2026-09-02T19:29:50.276161
New York,40.7128,-74.006,2026-09-04T20:00,25.3,77,15.1,308,19.4,0.4,51,100,1009.1,24140.0,27.5,2026-09-02T19:29:50.276169
New York,40.7128,-74.006,2026-09-04T21:00,24.8,82,10.7,290,26.6,0.8,53,100,1008.8,24140.0,27.9,2026-09-02T19:29:50.276177
New York,40.7128,-74.006,2026-09-04T22:00,24.7,81,13.2,299,30.2,0.1,51,100,1008.9,10360.0,27.3,2026-09-02T19:29:50.276185
New York,40.7128,-74.006,2026-09-04T23:00,24.6,79,13.9,295,31.0,0.1,51,0,1008.9,24140.0,26.8,2026-09-02T19:29:50.276193
New York,40.7128,-74.006,2026-09-05T00:00,24.1,81,10.9,287,23.8,0.1,51,0,1008.6,24140.0,26.7,2026-09-02T19:29:50.276201
New York,40.7128,-74.006,2026-09-05T01:00,23.6,83,13.4,294,31.0,0.0,0,0,1008.8,24140.0,25.8,2026-09-02T19:29:50.276212
New York,40.7128,-74.006,2026-09-05T02:00,23.4,71,16.4,322,36.7,0.0,0,0,1008.7,24140.0,23.9,2026-09-02T19:29:50.276221
New York,40.7128,-74.006,2026-09-05T03:00,22.8,64,15.6,326,39.6,0.0,0,5,1009.2,24140.0,22.5,2026-09-02T19:29:50.276229
New York,40.7128,-74.006,2026-09-05T04:00,22.2,62,14.2,336,39.2,0.0,0,6,1009.4,24140.0,21.7,2026-09-02T19:29:50.276237
New York,40.7128,-74.006,2026-09-05T05:00,21.9,62,11.6,344,38.2,0.0,0,11,1009.7,24140.0,21.6,2026-09-02T19:29:50.276245
New York,40.7128,-74.006,2026-09-05T06:00,21.7,62,11.6,355,38.9,0.0,0,7,1009.7,24140.0,21.4,2026-09-02T19:29:50.276253
New York,40.7128,-74.006,2026-09-05T07:00,21.3,63,11.3,351,38.9,0.0,0,0,1009.6,24140.0,21.0,2026-09-02T19:29:50.276261
New York,40.7128,-74.006,2026-09-05T08:00,21.0,63,8.6,338,34.9,0.0,0,0,1009.7,24140.0,21.0,2026-09-02T19:29:50.276269
New York,40.7128,-74.006,2026-09-05T09:00,20.8,63,6.8,328,32.8,0.0,0,0,1009.6,24140.0,21.0,2026-09-02T19:29:50.276281
New York,40.7128,-74.006,2026-09-05T10:00,20.3,66,12.2,304,38.5,0.0,0,0,1009.7,24140.0,19.8,2026-09-02T19:29:50.276289
New York,40.7128,-74.006,2026-09-05T11:00,20.0,67,12.5,319,36.7,0.0,0,0,1010.2,24140.0,19.4,2026-09-02T19:29:50.276301
New York,40.7128,-74.006,2026-09-05T12:00,20.9,64,15.7,323,28.8,0.0,0,6,1010.7,24140.0,19.9,2026-09-02T19:29:50.276309
New York,40.7128,-74.006,2026-09-05T13:00,22.4,60,16.8,325,22.7,0.0,0,7,1010.7,24140.0,21.4,2026-09-02T19:29:50.276317
New York,40.7128,-74.006,2026-09-05T14:00,24.1,53,18.4,329,24.8,0.0,1,45,1010.6,24140.0,22.7,2026-09-02T19:29:50.276325
New York,40.7128,-74.006,2026-09-05T15:00,25.4,45,20.9,333,24.1,0.0,0,0,1011.0,24140.0,23.8,2026-09-02T19:29:50.276333
New York,40.7128,-74.006,2026-09-05T16:00,26.1,42,19.6,334,23.4,0.0,0,0,1010.9,24140.0,25.1,2026-09-02T19:29:50.276341
New York,40.7128,-74.006,2026-09-05T17:00,26.9,39,17.6,334,22.7,0.0,0,0,1010.2,24140.0,26.4,2026-09-02T19:29:50.276349
New York,40.7128,-74.006,2026-09-05T18:00,27.5,38,16.6,330,20.2,0.0,0,0,1010.2,24140.0,27.2,2026-09-02T19:29:50.276357
New York,40.7128,-74.006,2026-09-05T19:00,27.9,37,15.6,326,18.7,0.0,0,0,1010.1,24140.0,27.4,2026-09-02T19:29:50.276365
New York,40.7128,-74.006,2026-09-05T20:00,28.2,36,14.3,326,19.4,0.0,0,0,1009.7,24140.0,27.2,2026-09-02T19:29:50.276373
New York,40.7128,-74.006,2026-09-05T21:00,28.0,37,12.1,337,16.2,0.0,0,0,1009.9,24140.0,26.9,2026-09-02T19:29:50.276384
New York,40.7128,-74.006,2026-09-05T22:00,27.3,40,10.0,13,15.5,0.0,0,8,1010.0,24140.0,26.7,2026-09-02T19:29:50.276393
New York,40.7128,-74.006,2026-09-05T23:00,25.9,44,19.6,44,18.7,0.0,3,100,1010.6,24140.0,23.9,2026-09-02T19:29:50.276401
New York,40.7128,-74.006,2026-09-06T00:00,24.5,49,20.0,38,22.3,0.0,3,100,1011.3,24140.0,22.6,2026-09-02T19:29:50.276409
New York,40.7128,-74.006,2026-09-06T01:00,24.0,49,18.3,36,25.2,0.0,3,100,1012.0,24140.0,22.2,2026-09-02T19:29:50.276417
New York,40.7128,-74.006,2026-09-06T02:00,23.5,50,15.3,43,24.1,0.0,3,100,1012.5,24140.0,22.1,2026-09-02T19:29:50.276425
New York,40.7128,-74.006,2026-09-06T03:00,22.9,56,12.8,50,20.9,0.0,3,100,1012.9,24140.0,22.2,2026-09-02T19:29:50.276433
New York,40.7128,-74.006,2026-09-06T04:00,22.5,58,12.5,46,17.3,0.1,51,100,1013.1,24140.0,22.0,2026-09-02T19:29:50.276441
New York,40.7128,-74.006,2026-09-06T05:00,21.9,61,16.1,39,12.6,0.1,51,100,1013.4,24140.0,20.9,2026-09-02T19:29:50.276449
New York,40.7128,-74.006,2026-09-06T06:00,21.1,65,16.8,31,10.4,0.0,3,100,1013.4,24140.0,20.1,2026-09-02T19:29:50.276457
New York,40.7128,-74.006,2026-09-06T07:00,20.3,68,16.3,31,11.9,0.0,3,100,1013.5,24140.0,19.3,2026-09-02T19:29:50.276468
New York,40.7128,-74.006,2026-09-06T08:00,19.7,72,16.5,32,14.0,0.0,1,28,1013.9,24140.0,18.8,2026-09-02T19:29:50.276481
New York,40.7128,-74.006,2026-09-06T09:00,19.2,76,16.9,34,15.8,0.0,0,5,1014.2,24140.0,18.4,2026-09-02T19:29:50.276505
New York,40.7128,-74.006,2026-09-06T10:00,18.8,78,17.5,32,15.8,0.0,2,53,1014.3,24140.0,17.9,2026-09-02T19:29:50.276512
New York,40.7128,-74.006,2026-09-06T11:00,18.5,78,18.4,35,18.0,0.1,51,82,1014.6,24140.0,17.4,2026-09-02T19:29:50.276519
New York,40.7128,-74.006,2026-09-06T12:00,18.6,76,19.1,43,23.8,0.1,51,81,1015.0,24140.0,17.3,2026-09-02T19:29:50.276527
New York,40.7128,-74.006,2026-09-06T13:00,18.7,73,15.0,44,25.2,0.0,3,100,1015.2,24140.0,17.8,2026-09-02T19:29:50.276534
New York,40.7128,-74.006,2026-09-06T14:00,19.9,65,14.8,34,22.3,0.0,2,63,1015.5,24140.0,18.8,2026-09-02T19:29:50.276541
New York,40.7128,-74.006,2026-09-06T15:00,21.0,58,15.1,28,20.5,0.0,2,65,1015.6,24140.0,19.6,2026-09-02T19:29:50.276548
New York,40.7128,-74.006,2026-09-06T16:00,21.8,54,15.6,23,18.4,0.0,2,77,1015.2,24140.0,20.3,2026-09-02T19:29:50.276559
New York,40.7128,-74.006,2026-09-06T17:00,21.6,53,17.7,20,16.6,0.0,3,100,1014.8,24140.0,19.6,2026-09-02T19:29:50.276571
New York,40.7128,-74.006,2026-09-06T18:00,22.8,48,16.6,13,15.8,0.0,2,65,1014.5,24140.0,21.1,2026-09-02T19:29:50.276579
New York,40.7128,-74.006,2026-09-06T19:00,23.6,43,12.2,360,15.5,0.0,0,18,1014.5,24140.0,22.5,2026-09-02T19:29:50.276586
New York,40.7128,-74.006,2026-09-06T20:00,24.3,40,15.7,20,16.2,0.0,2,58,1014.7,24140.0,22.0,2026-09-02T19:29:50.276593
New York,40.7128,-74.006,2026-09-06T21:00,24.2,36,16.1,16,17.6,0.0,2,76,1015.0,24140.0,21.4,2026-09-02T19:29:50.276600
New York,40.7128,-74.006,2026-09-06T22:00,24.1,35,20.5,3,18.4,0.0,0,0,1015.4,24140.0,20.5,2026-09-02T19:29:50.276607
New York,40.7128,-74.006,2026-09-06T23:00,23.1,34,19.2,8,18.0,0.0,0,0,1016.0,24140.0,19.4,2026-09-02T19:29:50.276614
New York,40.7128,-74.006,2026-09-07T00:00,22.2,37,16.2,12,20.9,0.0,0,0,1016.6,24140.0,19.1,2026-09-02T19:29:50.276622
New York,40.7128,-74.006,2026-09-07T01:00,21.7,38,13.2,17,24.5,0.0,0,0,1017.2,24140.0,19.0,2026-09-02T19:29:50.276628
New York,40.7128,-74.006,2026-09-07T02:00,21.2,39,10.2,8,18.7,0.0,0,0,1017.5,24140.0,18.9,2026-09-02T19:29:50.276636
New York,40.7128,-74.006,2026-09-07T03:00,20.6,41,9.7,2,15.8,0.0,0,0,1017.7,24140.0,18.4,2026-09-02T19:29:50.276646
New York,40.7128,-74.006,2026-09-07T04:00,19.9,43,10.5,352,19.1,0.0,0,0,1017.7,24140.0,17.6,2026-09-02T19:29:50.276653
New York,40.7128,-74.006,2026-09-07T05:00,19.4,45,11.5,340,20.2,0.0,0,0,1017.8,24140.0,17.0,2026-09-02T19:29:50.276661
New York,40.7128,-74.006,2026-09-07T06:00,19.2,46,12.2,346,18.0,0.0,0,0,1017.9,24140.0,16.8,2026-09-02T19:29:50.276668
New York,40.7128,-74.006,2026-09-07T07:00,18.7,48,12.3,355,18.7,0.0,0,0,1018.4,24140.0,16.3,2026-09-02T19:29:50.276675
New York,40.7128,-74.006,2026-09-07T08:00,18.2,49,12.1,350,19.1,0.0,0,0,1019.1,24140.0,15.8,2026-09-02T19:29:50.276682
New York,40.7128,-74.006,2026-09-07T09:00,17.7,51,10.0,345,19.4,0.0,0,0,1019.7,24140.0,15.6,2026-09-02T19:29:50.276689
New York,40.7128,-74.006,2026-09-07T10:00,17.4,51,8.9,328,19.8,0.0,0,0,1020.3,24140.0,15.4,2026-09-02T19:29:50.276696
New York,40.7128,-74.006,2026-09-07T11:00,17.3,51,8.9,313,20.2,0.0,0,0,1020.9,24140.0,15.3,2026-09-02T19:29:50.276704
New York,40.7128,-74.006,2026-09-07T12:00,18.1,48,10.2,318,20.2,0.0,0,0,1021.3,24140.0,15.9,2026-09-02T19:29:50.276714
New York,40.7128,-74.006,2026-09-07T13:00,19.8,44,11.2,318,20.2,0.0,0,0,1021.4,24140.0,17.4,2026-09-02T19:29:50.276725
New York,40.7128,-74.006,2026-09-07T14:00,22.0,40,12.3,322,19.8,0.0,0,0,1021.3,24140.0,19.7,2026-09-02T19:29:50.276732
New York,40.7128,-74.006,2026-09-07T15:00,23.9,36,12.8,328,19.1,0.0,0,0,1021.1,24140.0,22.2,2026-09-02T19:29:50.276739
New York,40.7128,-74.006,2026-09-07T16:00,25.2,34,12.1,337,17.6,0.0,0,1,1020.8,24140.0,24.3,2026-09-02T19:29:50.276747
New York,40.7128,-74.006,2026-09-07T17:00,26.1,33,11.3,353,15.8,0.0,0,2,1020.4,24140.0,25.7,2026-09-02T19:29:50.276754
New York,40.7128,-74.006,2026-09-07T18:00,26.8,33,11.6,5,14.0,0.0,0,2,1020.1,24140.0,26.5,2026-09-02T19:29:50.276761
New York,40.7128,-74.006,2026-09-07T19:00,27.3,32,12.8,10,12.2,0.0,0,1,1019.9,24140.0,26.4,2026-09-02T19:29:50.276768
New York,40.7128,-74.006,2026-09-07T20:00,27.5,32,14.0,12,10.1,0.0,0,1,1019.8,24140.0,25.8,2026-09-02T19:29:50.276776
New York,40.7128,-74.006,2026-09-07T21:00,27.4,33,13.4,14,9.0,0.0,0,0,1019.8,24140.0,25.4,2026-09-02T19:29:50.276783
New York,40.7128,-74.006,2026-09-07T22:00,26.9,36,10.6,24,8.6,0.0,0,0,1019.9,24140.0,25.6,2026-09-02T19:29:50.276790
New York,40.7128,-74.006,2026-09-07T23:00,26.1,39,7.1,49,8.6,0.0,0,1,1020.1,24140.0,25.4,2026-09-02T19:29:50.276800
New York,40.7128,-74.006,2026-09-08T00:00,25.2,43,5.0,90,10.1,0.0,0,2,1020.5,24140.0,25.0,2026-09-02T19:29:50.276808
New York,40.7128,-74.006,2026-09-08T01:00,24.3,47,4.3,156,13.7,0.0,0,2,1021.1,24140.0,24.3,2026-09-02T19:29:50.276815
New York,40.7128,-74.006,2026-09-08T02:00,23.3,51,8.1,201,18.0,0.0,0,3,1021.9,24140.0,23.0,2026-09-02T19:29:50.276822
New York,40.7128,-74.006,2026-09-08T03:00,22.5,54,11.6,216,20.9,0.0,0,12,1022.4,24140.0,21.7,2026-09-02T19:29:50.276830
New York,40.7128,-74.006,2026-09-08T04:00,22.1,55,12.0,226,20.2,0.0,1,39,1022.5,24140.0,21.2,2026-09-02T19:29:50.276837
New York,40.7128,-74.006,2026-09-08T05:00,21.8,54,10.8,240,18.0,0.0,2,74,1022.3,24140.0,20.9,2026-09-02T19:29:50.276844
New York,40.7128,-74.006,2026-09-08T06:00,21.5,54,10.6,252,15.8,0.0,3,100,1022.1,24140.0,20.5,2026-09-02T19:29:50.276851
New York,40.7128,-74.006,2026-09-08T07:00,21.1,55,11.2,255,14.8,0.0,3,100,1022.0,24140.0,20.0,2026-09-02T19:29:50.276858
New York,40.7128,-74.006,2026-09-08T08:00,20.7,57,11.9,256,13.7,0.0,3,100,1021.9,24140.0,19.6,2026-09-02T19:29:50.276865
New York,40.7128,-74.006,2026-09-08T09:00,20.4,58,12.7,255,13.3,0.0,3,100,1021.9,24140.0,19.2,2026-09-02T19:29:50.276876
New York,40.7128,-74.006,2026-09-08T10:00,20.1,58,13.4,256,13.3,0.0,3,91,1022.2,24140.0,18.7,2026-09-02T19:29:50.276883
New York,40.7128,-74.006,2026-09-08T11:00,20.0,57,14.1,255,13.7,0.0,3,80,1022.6,24140.0,18.3,2026-09-02T19:29:50.276890
New York,40.7128,-74.006,2026-09-08T12:00,20.2,56,14.7,253,14.4,0.0,2,74,1022.8,24140.0,18.4,2026-09-02T19:29:50.276898
New York,40.7128,-74.006,2026-09-08T13:00,21.3,53,15.2,248,14.8,0.0,3,80,1022.6,24140.0,19.5,2026-09-02T19:29:50.276905
New York,40.7128,-74.006,2026-09-08T14:00,22.8,49,16.1,241,15.5,0.0,3,91,1022.1,24140.0,20.9,2026-09-02T19:29:50.276912
New York,40.7128,-74.006,2026-09-08T15:00,24.0,47,17.2,237,16.2,0.0,3,100,1021.7,24140.0,22.1,2026-09-02T19:29:50.276919
New York,40.7128,-74.006,2026-09-08T16:00,24.7,48,19.0,237,17.3,0.0,3,100,1021.3,24140.0,22.8,2026-09-02T19:29:50.276926
New York,40.7128,-74.006,2026-09-08T17:00,25.1,49,20.8,236,18.4,0.0,3,100,1021.0,24140.0,23.2,2026-09-02T19:29:50.276933
New York,40.7128,-74.006,2026-09-08T18:00,25.5,51,22.0,238,19.4,0.0,3,100,1020.6,24140.0,23.9,2026-09-02T19:29:50.276941
New York,40.7128,-74.006,2026-09-08T19:00,26.2,51,22.2,243,20.2,0.0,3,100,1020.1,24140.0,24.8,2026-09-02T19:29:50.276951
New York,40.7128,-74.006,2026-09-08T20:00,27.0,50,21.7,249,20.9,0.0,3,100,1019.7,24140.0,25.7,2026-09-02T19:29:50.276958
New York,40.7128,-74.006,2026-09-08T21:00,27.2,51,20.4,253,22.0,0.0,3,100,1019.3,24140.0,26.4,2026-09-02T19:29:50.276965
New York,40.7128,-74.006,2026-09-08T22:00,26.6,56,17.0,253,23.8,0.1,51,100,1019.2,24140.0,26.7,2026-09-02T19:29:50.276973
New York,40.7128,-74.006,2026-09-08T23:00,25.6,62,12.8,248,25.6,0.1,51,100,1019.2,24140.0,26.5,2026-09-02T19:29:50.276980
Tokyo,35.6762,139.6503,2026-08-23T00:00,26.3,81,3.3,49,19.1,0.0,1,24,1017.1,6040.0,31.2,2026-09-02T19:29:50.486369
Tokyo,35.6762,139.6503,2026-08-23T01:00,27.0,76,3.6,45,18.0,0.0,2,58,1017.0,8340.0,31.7,2026-09-02T19:29:50.486387
Tokyo,35.6762,139.6503,2026-08-23T02:00,27.7,71,3.1,36,16.2,0.0,2,60,1016.5,18460.0,32.2,2026-09-02T19:29:50.486393
Tokyo,35.6762,139.6503,2026-08-23T03:00,28.7,69,3.7,29,15.5,0.0,2,69,1015.8,29620.0,33.3,2026-09-02T19:29:50.486398
Tokyo,35.6762,139.6503,2026-08-23T04:00,29.2,67,3.8,41,16.6,0.0,3,81,1015.2,29640.0,33.8,2026-09-02T19:29:50.486403
Tokyo,35.6762,139.6503,2026-08-23T05:00,29.5,65,3.5,66,17.3,0.0,2,72,1015.0,29640.0,34.1,2026-09-02T19:29:50.486412
Tokyo,35.6762,139.6503,2026-08-23T06:00,29.2,67,3.5,66,17.3,0.0,1,44,1015.1,29640.0,33.8,2026-09-02T19:29:50.486417
Tokyo,35.6762,139.6503,2026-08-23T07:00,29.2,66,3.7,79,18.0,0.0,1,31,1015.3,2220.0,33.8,2026-09-02T19:29:50.486422
Tokyo,35.6762,139.6503,2026-08-23T08:00,28.9,66,2.9,97,16.2,0.0,1,36,1015.3,5160.0,33.4,2026-09-02T19:29:50.486427
Tokyo,35.6762,139.6503,2026-08-23T09:00,27.9,71,2.3,129,16.6,0.0,1,49,1015.1,6640.0,32.6,2026-09-02T19:29:50.486432
Tokyo,35.6762,139.6503,2026-08-23T10:00,27.1,78,3.8,131,8.3,0.0,1,42,1015.8,10560.0,32.0,2026-09-02T19:29:50.486437
Tokyo,35.6762,139.6503,2026-08-23T11:00,26.4,85,4.0,153,9.0,0.0,1,35,1016.4,15140.0,31.8,2026-09-02T19:29:50.486442
Tokyo,35.6762,139.6503,2026-08-23T12:00,25.1,94,2.4,207,10.4,0.0,1,32,1016.6,13040.0,30.9,2026-09-02T19:29:50.486448
Tokyo,35.6762,139.6503,2026-08-23T13:00,24.9,95,2.7,203,16.9,0.0,1,36,1016.4,4520.0,30.6,2026-09-02T19:29:50.486462
Tokyo,35.6762,139.6503,2026-08-23T14:00,24.5,97,2.7,157,16.2,0.0,0,18,1016.0,8840.0,30.3,2026-09-02T19:29:50.486472
Tokyo,35.6762,139.6503,2026-08-23T15:00,24.5,97,3.1,135,11.5,0.0,1,20,1015.7,10040.0,30.2,2026-09-02T19:29:50.486486
Tokyo,35.6762,139.6503,2026-08-23T16:00,24.2,98,3.1,144,12.2,0.0,1,22,1014.9,10000.0,29.8,2026-09-02T19:29:50.486496
Tokyo,35.6762,139.6503,2026-08-23T17:00,24.1,98,2.9,150,11.2,0.0,1,30,1014.5,10980.0,29.7,2026-09-02T19:29:50.486505
Tokyo,35.6762,139.6503,2026-08-23T18:00,24.3,99,3.0,194,10.8,0.0,1,20,1014.5,8340.0,30.0,2026-09-02T19:29:50.486515
Tokyo,35.6762,139.6503,2026-08-23T19:00,23.8,99,2.2,99,10.8,0.0,0,17,1014.7,7760.0,29.4,2026-09-02T19:29:50.486524
Tokyo,35.6762,139.6503,2026-08-23T20:00,23.8,99,1.5,76,10.8,0.0,3,100,1014.6,11360.0,29.5,2026-09-02T19:29:50.486534
Tokyo,35.6762,139.6503,2026-08-23T21:00,24.4,99,1.8,180,7.2,0.0,3,100,1014.8,11440.0,30.4,2026-09-02T19:29:50.486543
Tokyo,35.6762,139.6503,2026-08-23T22:00,24.5,99,1.5,256,9.0,0.0,3,99,1015.2,16640.0,30.6,2026-09-02T19:29:50.486552
Tokyo,35.6762,139.6503,2026-08-23T23:00,24.9,97,0.8,243,14.0,0.0,3,81,1015.1,17840.0,31.2,2026-09-02T19:29:50.486562
Tokyo,35.6762,139.6503,2026-08-24T00:00,26.2,89,2.3,252,16.6,0.0,1,39,1015.4,26700.0,32.2,2026-09-02T19:29:50.486572
Tokyo,35.6762,139.6503,2026-08-24T01:00,28.5,79,1.6,207,18.4,0.0,0,6,1014.9,29740.0,35.2,2026-09-02T19:29:50.486585
Tokyo,35.6762,139.6503,2026-08-24T02:00,30.4,71,3.6,180,18.0,0.0,0,8,1014.3,24080.0,37.5,2026-09-02T19:29:50.486590
Tokyo,35.6762,139.6503,2026-08-24T03:00,32.0,63,4.7,184,23.8,0.0,0,11,1013.5,25620.0,38.9,2026-09-02T19:29:50.486595
Tokyo,35.6762,139.6503,2026-08-24T04:00,32.7,61,4.7,176,27.4,0.0,1,20,1012.8,29760.0,39.3,2026-09-02T19:29:50.486600
Tokyo,35.6762,139.6503,2026-08-24T05:00,32.8,63,6.2,173,27.7,0.0,0,13,1012.3,32620.0,39.1,2026-09-02T19:29:50.486605
Tokyo,35.6762,139.6503,2026-08-24T06:00,30.9,66,7.4,194,28.8,0.0,1,25,1012.3,7160.0,35.9,2026-09-02T19:29:50.486610
Tokyo,35.6762,139.6503,2026-08-24T07:00,30.2,69,7.1,195,29.5,0.0,1,29,1012.3,19080.0,35.3,2026-09-02T19:29:50.486615
Tokyo,35.6762,139.6503,2026-08-24T08:00,28.9,74,6.2,190,26.6,0.0,1,39,1012.2,29780.0,34.0,2026-09-02T19:29:50.486621
Tokyo,35.6762,139.6503,2026-08-24T09:00,28.0,77,5.2,192,20.5,0.0,0,18,1012.1,29780.0,33.2,2026-09-02T19:29:50.486625
Tokyo,35.6762,139.6503,2026-08-24T10:00,27.3,82,3.2,180,10.4,0.0,0,15,1012.7,26740.0,33.0,2026-09-02T19:29:50.486630
Tokyo,35.6762,139.6503,2026-08-24T11:00,26.8,86,2.3,162,8.6,0.0,0,13,1013.1,26740.0,32.7,2026-09-02T19:29:50.486638
Tokyo,35.6762,139.6503,2026-08-24T12:00,26.4,85,3.3,174,6.5,0.0,0,13,1013.2,23260.0,31.8,2026-09-02T19:29:50.486643
Tokyo,35.6762,139.6503,2026-08-24T13:00,25.9,86,3.3,174,8.6,0.0,0,9,1012.8,23260.0,31.1,2026-09-02T19:29:50.486648
Tokyo,35.6762,139.6503,2026-08-24T14:00,25.5,87,4.0,180,5.4,0.0,0,6,1012.9,23280.0,30.5,2026-09-02T19:29:50.486652
Tokyo,35.6762,139.6503,2026-08-24T15:00,24.9,89,3.4,198,10.4,0.0,0,7,1013.0,23280.0,29.9,2026-09-02T19:29:50.486657
Tokyo,35.6762,139.6503,2026-08-24T16:00,24.6,91,3.2,207,10.8,0.0,0,6,1012.7,23280.0,29.7,2026-09-02T19:29:50.486662
Tokyo,35.6762,139.6503,2026-08-24T17:00,24.3,92,3.3,186,7.2,0.0,0,5,1012.6,23280.0,29.3,2026-09-02T19:29:50.486667
Tokyo,35.6762,139.6503,2026-08-24T18:00,23.8,94,2.7,203,5.8,0.0,0,8,1012.4,20440.0,28.8,2026-09-02T19:29:50.486672
Tokyo,35.6762,139.6503,2026-08-24T19:00,23.7,95,2.9,210,5.8,0.0,0,9,1012.5,20460.0,28.7,2026-09-02T19:29:50.486677
Tokyo,35.6762,139.6503,2026-08-24T20:00,23.4,96,2.6,214,4.0,0.0,0,13,1012.5,20460.0,28.4,2026-09-02T19:29:50.486682
Tokyo,35.6762,139.6503,2026-08-24T21:00,23.8,93,1.9,248,7.2,0.0,1,33,1013.0,20460.0,28.9,2026-09-02T19:29:50.486690
Tokyo,35.6762,139.6503,2026-08-24T22:00,25.0,88,1.1,252,6.5,0.0,1,24,1012.9,23300.0,30.2,2026-09-02T19:29:50.486696
Tokyo,35.6762,139.6503,2026-08-24T23:00,27.3,78,1.1,180,11.9,0.0,0,13,1012.5,26800.0,32.7,2026-09-02T19:29:50.486701
Tokyo,35.6762,139.6503,2026-08-25T00:00,29.9,70,2.9,173,20.5,0.0,0,10,1012.5,26820.0,35.5,2026-09-02T19:29:50.486706
Tokyo,35.6762,139.6503,2026-08-25T01:00,31.3,67,4.7,176,24.5,0.0,0,6,1012.2,29880.0,37.6,2026-09-02T19:29:50.486714
Tokyo,35.6762,139.6503,2026-08-25T02:00,32.4,65,5.8,184,28.1,0.0,0,8,1011.7,32740.0,39.5,2026-09-02T19:29:50.486727
Tokyo,35.6762,139.6503,2026-08-25T03:00,33.1,61,6.3,193,28.4,0.0,1,23,1011.2,32740.0,40.0,2026-09-02T19:29:50.486737
Tokyo,35.6762,139.6503,2026-08-25T04:00,33.4,59,5.9,191,28.1,0.0,1,30,1010.6,32740.0,39.5,2026-09-02T19:29:50.486747
Tokyo,35.6762,139.6503,2026-08-25T05:00,33.5,60,6.1,183,29.2,0.0,0,18,1009.9,32760.0,39.5,2026-09-02T19:29:50.486755
Tokyo,35.6762,139.6503,2026-08-25T06:00,33.1,62,5.8,184,29.2,0.0,0,4,1009.1,32760.0,38.9,2026-09-02T19:29:50.486765
Tokyo,35.6762,139.6503,2026-08-25T07:00,32.7,63,5.4,176,29.2,0.0,0,3,1009.0,32760.0,38.5,2026-09-02T19:29:50.486779
Tokyo,35.6762,139.6503,2026-08-25T08:00,31.7,67,4.7,171,26.3,0.0,0,2,1008.8,29900.0,37.6,2026-09-02T19:29:50.486791
Tokyo,35.6762,139.6503,2026-08-25T09:00,30.0,73,4.0,175,24.8,0.0,0,1,1008.7,29920.0,35.9,2026-09-02T19:29:50.486800
Tokyo,35.6762,139.6503,2026-08-25T10:00,28.8,79,3.3,167,23.8,0.0,0,2,1008.8,26860.0,34.9,2026-09-02T19:29:50.486806
Tokyo,35.6762,139.6503,2026-08-25T11:00,28.0,83,2.3,162,16.2,0.0,0,7,1009.5,26880.0,34.4,2026-09-02T19:29:50.486811
Tokyo,35.6762,139.6503,2026-08-25T12:00,27.1,89,2.1,149,8.6,0.0,0,18,1009.9,26880.0,33.6,2026-09-02T19:29:50.486816
Tokyo,35.6762,139.6503,2026-08-25T13:00,26.6,89,2.4,153,10.4,0.0,1,20,1009.6,26880.0,32.8,2026-09-02T19:29:50.486821
Tokyo,35.6762,139.6503,2026-08-25T14:00,26.1,92,2.2,180,8.3,0.0,1,20,1009.9,26880.0,32.3,2026-09-02T19:29:50.486826
Tokyo,35.6762,139.6503,2026-08-25T15:00,25.7,92,2.3,321,8.3,0.0,0,18,1010.1,23400.0,31.7,2026-09-02T19:29:50.486831
Tokyo,35.6762,139.6503,2026-08-25T16:00,25.5,93,2.8,220,6.5,0.0,0,16,1009.9,23400.0,31.4,2026-09-02T19:29:50.486836
Tokyo,35.6762,139.6503,2026-08-25T17:00,25.3,94,3.0,194,6.1,0.0,0,12,1009.9,23400.0,31.1,2026-09-02T19:29:50.486845
Tokyo,35.6762,139.6503,2026-08-25T18:00,25.1,95,3.8,319,4.0,0.0,0,11,1010.0,23400.0,30.8,2026-09-02T19:29:50.486850
Tokyo,35.6762,139.6503,2026-08-25T19:00,25.0,94,4.2,211,10.8,0.0,0,10,1009.9,23420.0,30.5,2026-09-02T19:29:50.486858
Tokyo,35.6762,139.6503,2026-08-25T20:00,24.6,96,3.6,225,4.3,0.0,0,10,1010.0,20560.0,30.2,2026-09-02T19:29:50.486863
Tokyo,35.6762,139.6503,2026-08-25T21:00,24.8,97,2.9,263,8.3,0.0,0,15,1010.4,23420.0,30.7,2026-09-02T19:29:50.486868
Tokyo,35.6762,139.6503,2026-08-25T22:00,26.4,91,1.8,307,13.3,0.0,0,14,1010.7,26920.0,32.7,2026-09-02T19:29:50.486873
Tokyo,35.6762,139.6503,2026-08-25T23:00,28.5,80,1.3,326,13.0,0.0,0,11,1010.3,26940.0,34.9,2026-09-02T19:29:50.486878
Tokyo,35.6762,139.6503,2026-08-26T00:00,30.4,70,1.1,18,13.7,0.0,1,47,1010.1,30000.0,36.6,2026-09-02T19:29:50.486883
Tokyo,35.6762,139.6503,2026-08-26T01:00,32.0,64,1.5,45,16.2,0.0,1,31,1010.0,32860.0,38.3,2026-09-02T19:29:50.486887
Tokyo,35.6762,139.6503,2026-08-26T02:00,32.9,63,3.1,126,23.0,0.0,1,36,1009.3,32860.0,39.9,2026-09-02T19:29:50.486892
Tokyo,35.6762,139.6503,2026-08-26T03:00,33.5,63,4.0,153,29.5,0.0,2,71,1008.6,10240.0,41.3,2026-09-02T19:29:50.486900
Tokyo,35.6762,139.6503,2026-08-26T04:00,33.8,63,5.7,162,31.0,0.0,2,69,1008.2,32880.0,41.3,2026-09-02T19:29:50.486905
Tokyo,35.6762,139.6503,2026-08-26T05:00,33.9,62,5.5,169,29.9,0.0,3,86,1007.9,9360.0,40.5,2026-09-02T19:29:50.486909
Tokyo,35.6762,139.6503,2026-08-26T06:00,33.6,62,5.2,168,24.8,0.0,1,40,1007.9,36860.0,39.8,2026-09-02T19:29:50.486917
Tokyo,35.6762,139.6503,2026-08-26T07:00,32.9,64,6.5,174,27.7,0.0,2,60,1007.7,32900.0,38.9,2026-09-02T19:29:50.486922
Tokyo,35.6762,139.6503,2026-08-26T08:00,31.6,66,5.8,173,26.6,0.0,1,31,1007.2,32900.0,37.2,2026-09-02T19:29:50.486928
Tokyo,35.6762,139.6503,2026-08-26T09:00,30.4,71,3.0,194,21.2,0.0,2,74,1007.8,32900.0,36.4,2026-09-02T19:29:50.486932
Tokyo,35.6762,139.6503,2026-08-26T10:00,29.2,78,2.5,180,21.2,0.0,3,92,1008.2,32920.0,35.6,2026-09-02T19:29:50.486937
Tokyo,35.6762,139.6503,2026-08-26T11:00,28.5,81,2.4,153,18.4,0.0,3,82,1008.7,30060.0,34.8,2026-09-02T19:29:50.486942
Tokyo,35.6762,139.6503,2026-08-26T12:00,27.6,83,2.4,117,13.0,0.0,1,31,1009.0,30060.0,33.6,2026-09-02T19:29:50.486947
Tokyo,35.6762,139.6503,2026-08-26T13:00,27.0,84,2.8,140,8.3,0.0,2,70,1008.5,30060.0,32.7,2026-09-02T19:29:50.486957
Tokyo,35.6762,139.6503,2026-08-26T14:00,26.5,86,2.7,203,14.0,0.0,0,18,1008.1,30060.0,32.2,2026-09-02T19:29:50.486965
Tokyo,35.6762,139.6503,2026-08-26T15:00,25.9,91,2.5,270,32.0,0.0,2,55,1008.9,20720.0,31.8,2026-09-02T19:29:50.486975
Tokyo,35.6762,139.6503,2026-08-26T16:00,25.6,94,3.1,339,31.3,0.0,1,36,1008.9,27020.0,31.7,2026-09-02T19:29:50.486983
Tokyo,35.6762,139.6503,2026-08-26T17:00,25.2,96,0.8,27,14.0,0.0,1,42,1008.6,23040.0,31.6,2026-09-02T19:29:50.486992
Tokyo,35.6762,139.6503,2026-08-26T18:00,25.3,95,2.3,342,9.7,0.0,3,95,1009.0,30100.0,31.4,2026-09-02T19:29:50.487001
Tokyo,35.6762,139.6503,2026-08-26T19:00,25.2,95,1.8,307,18.7,0.1,51,50,1009.1,27040.0,31.3,2026-09-02T19:29:50.487008
Tokyo,35.6762,139.6503,2026-08-26T20:00,25.0,95,1.1,180,21.2,0.1,51,53,1009.7,26480.0,31.0,2026-09-02T19:29:50.487014
Tokyo,35.6762,139.6503,2026-08-26T21:00,24.3,94,4.0,350,18.7,0.0,3,100,1010.7,17300.0,29.4,2026-09-02T19:29:50.487018
Tokyo,35.6762,139.6503,2026-08-26T22:00,24.1,95,2.1,59,18.4,2.3,61,62,1010.6,13380.0,29.4,2026-09-02T19:29:50.487023
Tokyo,35.6762,139.6503,2026-08-26T23:00,24.6,91,2.0,225,18.0,0.1,51,41,1010.1,25980.0,29.9,2026-09-02T19:29:50.487032
Tokyo,35.6762,139.6503,2026-08-27T00:00,25.4,84,3.3,264,11.5,0.0,1,46,1010.5,21140.0,30.1,2026-09-02T19:29:50.487038
Tokyo,35.6762,139.6503,2026-08-27T01:00,25.8,82,2.7,203,15.1,0.0,3,87,1010.5,30140.0,30.7,2026-09-02T19:29:50.487043
Tokyo,35.6762,139.6503,2026-08-27T02:00,26.2,80,1.3,124,23.8,0.1,51,78,1010.1,30140.0,31.2,2026-09-02T19:29:50.487047
Tokyo,35.6762,139.6503,2026-08-27T03:00,27.9,73,3.6,360,24.1,0.0,1,45,1010.1,30140.0,32.6,2026-09-02T19:29:50.487052
Tokyo,35.6762,139.6503,2026-08-27T04:00,27.6,70,4.3,360,18.4,0.0,3,92,1009.6,30140.0,31.7,2026-09-02T19:29:50.487057
Tokyo,35.6762,139.6503,2026-08-27T05:00,26.3,78,3.0,346,15.1,0.2,51,85,1009.7,15320.0,30.9,2026-09-02T19:29:50.487062
Tokyo,35.6762,139.6503,2026-08-27T06:00,24.6,84,5.0,339,14.0,0.8,53,78,1010.2,13840.0,28.7,2026-09-02T19:29:50.487067
Tokyo,35.6762,139.6503,2026-08-27T07:00,24.4,88,2.2,270,33.1,1.3,61,84,1010.2,16800.0,29.2,2026-09-02T19:29:50.487072
Tokyo,35.6762,139.6503,2026-08-27T08:00,24.2,89,2.1,149,30.2,1.0,55,95,1009.8,5420.0,29.0,2026-09-02T19:29:50.487077
Tokyo,35.6762,139.6503,2026-08-27T09:00,23.4,93,3.3,174,13.7,0.0,3,98,1009.9,33040.0,28.0,2026-09-02T19:29:50.487084
Tokyo,35.6762,139.6503,2026-08-27T10:00,23.0,96,1.1,198,21.2,0.5,53,86,1010.0,33040.0,28.0,2026-09-02T19:29:50.487090
Tokyo,35.6762,139.6503,2026-08-27T11:00,23.0,94,4.5,194,24.1,0.0,2,59,1010.1,33060.0,27.3,2026-09-02T19:29:50.487094
Tokyo,35.6762,139.6503,2026-08-27T12:00,23.4,93,8.7,210,23.8,0.0,2,73,1009.8,24680.0,27.2,2026-09-02T19:29:50.487099
Tokyo,35.6762,139.6503,2026-08-27T13:00,23.7,91,10.2,198,28.8,0.7,53,65,1008.9,27120.0,27.3,2026-09-02T19:29:50.487104
Tokyo,35.6762,139.6503,2026-08-27T14:00,23.7,89,10.3,192,27.7,1.6,61,73,1007.9,13240.0,27.0,2026-09-02T19:29:50.487109
Tokyo,35.6762,139.6503,2026-08-27T15:00,22.9,93,1.1,360,23.4,0.4,51,96,1008.8,13680.0,27.6,2026-09-02T19:29:50.487113
Tokyo,35.6762,139.6503,2026-08-27T16:00,23.2,92,3.6,217,22.3,0.0,3,88,1008.3,22620.0,27.6,2026-09-02T19:29:50.487119
Tokyo,35.6762,139.6503,2026-08-27T17:00,23.0,95,2.8,230,10.1,0.1,51,63,1007.8,20180.0,27.6,2026-09-02T19:29:50.487124
Tokyo,35.6762,139.6503,2026-08-27T18:00,22.9,95,1.8,281,10.4,0.0,1,48,1008.1,20760.0,27.7,2026-09-02T19:29:50.487129
Tokyo,35.6762,139.6503,2026-08-27T19:00,22.9,96,3.0,14,12.6,0.0,2,56,1008.3,14020.0,27.5,2026-09-02T19:29:50.487161
Tokyo,35.6762,139.6503,2026-08-27T20:00,22.7,97,2.9,30,14.8,0.0,2,56,1008.4,16860.0,27.3,2026-09-02T19:29:50.487171
Tokyo,35.6762,139.6503,2026-08-27T21:00,22.7,96,2.6,344,16.2,0.0,1,49,1008.4,20780.0,27.3,2026-09-02T19:29:50.487184
Tokyo,35.6762,139.6503,2026-08-27T22:00,23.7,89,1.5,14,16.9,0.0,2,61,1008.2,24720.0,28.3,2026-09-02T19:29:50.487193
Tokyo,35.6762,139.6503,2026-08-27T23:00,24.7,84,1.5,14,15.5,0.0,2,77,1008.4,30240.0,29.4,2026-09-02T19:29:50.487202
Tokyo,35.6762,139.6503,2026-08-28T00:00,27.7,69,2.9,7,12.2,0.0,0,6,1008.5,26120.0,32.0,2026-09-02T19:29:50.487211
Tokyo,35.6762,139.6503,2026-08-28T01:00,29.6,60,2.9,360,15.5,0.0,3,100,1008.3,30260.0,33.8,2026-09-02T19:29:50.487221
Tokyo,35.6762,139.6503,2026-08-28T02:00,29.9,58,1.1,72,14.8,0.0,2,57,1008.2,33140.0,34.0,2026-09-02T19:29:50.487230
Tokyo,35.6762,139.6503,2026-08-28T03:00,32.0,53,2.5,135,11.5,0.0,1,41,1007.3,37120.0,37.0,2026-09-02T19:29:50.487238
Tokyo,35.6762,139.6503,2026-08-28T04:00,32.5,52,4.1,135,11.9,0.0,2,65,1006.8,37140.0,37.1,2026-09-02T19:29:50.487243
Tokyo,35.6762,139.6503,2026-08-28T05:00,32.1,56,5.6,153,10.4,0.0,2,64,1006.7,37140.0,36.4,2026-09-02T19:29:50.487252
Tokyo,35.6762,139.6503,2026-08-28T06:00,32.3,54,2.2,81,10.8,0.0,1,49,1007.1,18120.0,36.9,2026-09-02T19:29:50.487257
Tokyo,35.6762,139.6503,2026-08-28T07:00,31.8,57,3.5,156,14.0,0.0,2,70,1007.0,37140.0,36.3,2026-09-02T19:29:50.487262
Tokyo,35.6762,139.6503,2026-08-28T08:00,30.8,62,2.2,189,14.4,0.0,2,57,1007.7,37160.0,35.8,2026-09-02T19:29:50.487268
Tokyo,35.6762,139.6503,2026-08-28T09:00,30.0,66,0.5,225,14.8,0.0,2,69,1008.3,6000.0,35.5,2026-09-02T19:29:50.487273
Tokyo,35.6762,139.6503,2026-08-28T10:00,27.9,77,6.2,69,10.1,0.2,51,55,1009.4,19820.0,32.8,2026-09-02T19:29:50.487278
Tokyo,35.6762,139.6503,2026-08-28T11:00,26.4,82,3.3,49,11.5,0.6,53,65,1010.5,11160.0,31.4,2026-09-02T19:29:50.487282
Tokyo,35.6762,139.6503,2026-08-28T12:00,27.4,71,3.1,36,13.0,0.2,51,71,1010.5,20620.0,31.7,2026-09-02T19:29:50.487287
Tokyo,35.6762,139.6503,2026-08-28T13:00,26.6,75,1.6,27,14.0,0.0,2,74,1010.5,2640.0,31.2,2026-09-02T19:29:50.487292
Tokyo,35.6762,139.6503,2026-08-28T14:00,25.8,83,0.8,63,14.0,0.0,2,59,1010.7,7880.0,31.0,2026-09-02T19:29:50.487297
Tokyo,35.6762,139.6503,2026-08-28T15:00,25.1,88,2.9,360,9.4,0.0,1,45,1010.7,5960.0,30.2,2026-09-02T19:29:50.487304
Tokyo,35.6762,139.6503,2026-08-28T16:00,24.6,88,2.5,8,13.7,0.0,2,50,1010.5,3460.0,29.5,2026-09-02T19:29:50.487309
Tokyo,35.6762,139.6503,2026-08-28T17:00,24.2,89,3.1,21,13.0,0.0,2,54,1010.6,9900.0,28.9,2026-09-02T19:29:50.487314
Tokyo,35.6762,139.6503,2026-08-28T18:00,24.0,87,2.5,360,11.9,0.3,51,98,1010.4,30360.0,28.4,2026-09-02T19:29:50.487319
Tokyo,35.6762,139.6503,2026-08-28T19:00,23.3,92,2.2,9,13.3,0.5,53,52,1010.5,27280.0,27.9,2026-09-02T19:29:50.487324
Tokyo,35.6762,139.6503,2026-08-28T20:00,22.9,91,3.1,339,14.0,1.0,55,55,1010.9,2720.0,27.0,2026-09-02T19:29:50.487329
Tokyo,35.6762,139.6503,2026-08-28T21:00,21.9,92,3.6,37,18.0,1.2,55,51,1011.1,6900.0,25.5,2026-09-02T19:29:50.487334
Tokyo,35.6762,139.6503,2026-08-28T22:00,21.7,94,3.1,45,18.7,0.3,51,58,1011.3,7380.0,25.5,2026-09-02T19:29:50.487341
Tokyo,35.6762,139.6503,2026-08-28T23:00,21.7,94,3.1,54,13.3,0.3,51,58,1011.2,3200.0,25.5,2026-09-02T19:29:50.487346
Tokyo,35.6762,139.6503,2026-08-29T00:00,21.5,89,3.5,66,13.7,0.2,51,65,1011.1,4020.0,24.6,2026-09-02T19:29:50.487352
Tokyo,35.6762,139.6503,2026-08-29T01:00,21.4,89,3.0,76,21.2,0.6,53,93,1011.1,6140.0,24.6,2026-09-02T19:29:50.487359
Tokyo,35.6762,139.6503,2026-08-29T02:00,21.3,90,2.6,74,21.6,0.1,51,82,1010.9,4860.0,24.6,2026-09-02T19:29:50.487364
Tokyo,35.6762,139.6503,2026-08-29T03:00,21.4,92,2.7,67,21.6,2.3,61,81,1010.9,3020.0,24.9,2026-09-02T19:29:50.487369
Tokyo,35.6762,139.6503,2026-08-29T04:00,21.6,93,4.1,75,21.6,1.2,55,64,1010.2,3920.0,25.1,2026-09-02T19:29:50.487374
Tokyo,35.6762,139.6503,2026-08-29T05:00,21.5,92,4.3,90,24.5,0.9,53,72,1009.7,3380.0,24.8,2026-09-02T19:29:50.487379
Tokyo,35.6762,139.6503,2026-08-29T06:00,21.5,91,2.9,83,25.6,1.1,55,77,1009.8,3220.0,24.9,2026-09-02T19:29:50.487383
Tokyo,35.6762,139.6503,2026-08-29T07:00,21.2,94,3.2,63,22.3,1.3,61,100,1009.4,5380.0,24.7,2026-09-02T19:29:50.487388
Tokyo,35.6762,139.6503,2026-08-29T08:00,21.0,94,3.1,54,19.8,1.0,55,99,1009.4,8720.0,24.4,2026-09-02T19:29:50.487393
Tokyo,35.6762,139.6503,2026-08-29T09:00,20.4,94,4.6,45,19.4,0.5,53,93,1010.2,4920.0,23.4,2026-09-02T19:29:50.487398
Tokyo,35.6762,139.6503,2026-08-29T10:00,20.2,96,3.5,24,18.0,1.0,55,60,1010.6,3960.0,23.3,2026-09-02T19:29:50.487403
Tokyo,35.6762,139.6503,2026-08-29T11:00,20.1,96,3.6,6,17.3,0.1,51,67,1011.0,8620.0,23.2,2026-09-02T19:29:50.487410
Tokyo,35.6762,139.6503,2026-08-29T12:00,20.1,94,3.8,17,15.8,0.2,51,74,1011.3,7200.0,23.0,2026-09-02T19:29:50.487415
Tokyo,35.6762,139.6503,2026-08-29T13:00,20.0,95,3.3,13,16.2,0.3,51,74,1011.2,12120.0,23.0,2026-09-02T19:29:50.487421
Tokyo,35.6762,139.6503,2026-08-29T14:00,19.9,95,2.9,360,16.6,0.0,2,74,1011.0,13960.0,22.9,2026-09-02T19:29:50.487426
Tokyo,35.6762,139.6503,2026-08-29T15:00,19.8,97,3.2,360,17.6,0.1,51,76,1011.1,12660.0,22.8,2026-09-02T19:29:50.487431
Tokyo,35.6762,139.6503,2026-08-29T16:00,19.7,97,3.2,360,14.4,0.1,51,80,1010.4,9980.0,22.8,2026-09-02T19:29:50.487437
Tokyo,35.6762,139.6503,2026-08-29T17:00,19.7,97,2.9,353,15.1,0.0,2,78,1010.0,10720.0,22.8,2026-09-02T19:29:50.487442
Tokyo,35.6762,139.6503,2026-08-29T18:00,19.8,97,3.0,14,14.4,0.0,3,84,1010.0,5560.0,22.9,2026-09-02T19:29:50.487447
Tokyo,35.6762,139.6503,2026-08-29T19:00,19.8,97,3.7,349,15.5,0.5,53,71,1010.6,10320.0,22.9,2026-09-02T19:29:50.487452
Tokyo,35.6762,139.6503,2026-08-29T20:00,19.8,97,3.3,354,13.7,0.0,2,65,1010.7,16720.0,22.8,2026-09-02T19:29:50.487457
Tokyo,35.6762,139.6503,2026-08-29T21:00,19.6,96,3.3,354,11.5,0.0,2,61,1011.2,17480.0,22.5,2026-09-02T19:29:50.487464
Tokyo,35.6762,139.6503,2026-08-29T22:00,19.8,95,2.6,344,14.8,0.5,53,60,1011.1,21000.0,22.9,2026-09-02T19:29:50.487469
Tokyo,35.6762,139.6503,2026-08-29T23:00,20.1,95,2.4,333,16.6,0.2,51,50,1010.9,22460.0,23.3,2026-09-02T19:29:50.487474
Tokyo,35.6762,139.6503,2026-08-30T00:00,20.9,91,3.3,347,18.0,0.0,2,72,1011.0,23900.0,24.0,2026-09-02T19:29:50.487481
Tokyo,35.6762,139.6503,2026-08-30T01:00,22.0,85,2.5,352,17.3,0.0,2,56,1011.1,27440.0,25.2,2026-09-02T19:29:50.487486
Tokyo,35.6762,139.6503,2026-08-30T02:00,23.0,81,2.1,31,15.1,0.0,2,53,1010.9,27460.0,26.4,2026-09-02T19:29:50.487491
Tokyo,35.6762,139.6503,2026-08-30T03:00,24.7,75,3.7,29,13.7,0.0,2,56,1010.3,27460.0,28.0,2026-09-02T19:29:50.487495
Tokyo,35.6762,139.6503,2026-08-30T04:00,25.1,74,2.4,63,13.3,0.0,1,40,1009.9,27460.0,28.7,2026-09-02T19:29:50.487500
Tokyo,35.6762,139.6503,2026-08-30T05:00,25.6,73,1.3,124,10.8,0.0,2,56,1009.1,27460.0,29.5,2026-09-02T19:29:50.487505
Tokyo,35.6762,139.6503,2026-08-30T06:00,26.8,70,2.8,50,11.9,0.0,1,41,1008.4,30560.0,30.7,2026-09-02T19:29:50.487510
Tokyo,35.6762,139.6503,2026-08-30T07:00,26.6,70,3.6,45,12.2,0.0,2,76,1008.7,30560.0,30.4,2026-09-02T19:29:50.487517
Tokyo,35.6762,139.6503,2026-08-30T08:00,26.2,71,3.6,45,12.6,0.0,1,49,1008.9,27480.0,29.8,2026-09-02T19:29:50.487523
Tokyo,35.6762,139.6503,2026-08-30T09:00,24.9,77,3.4,18,11.2,0.0,1,45,1009.4,27480.0,28.6,2026-09-02T19:29:50.487527
Tokyo,35.6762,139.6503,2026-08-30T10:00,24.3,80,3.1,21,7.2,0.0,1,38,1010.2,23960.0,28.1,2026-09-02T19:29:50.487532
Tokyo,35.6762,139.6503,2026-08-30T11:00,24.0,82,2.4,27,7.6,0.0,1,47,1010.7,23960.0,27.9,2026-09-02T19:29:50.487537
Tokyo,35.6762,139.6503,2026-08-30T12:00,23.7,85,2.6,16,7.9,0.0,3,81,1011.2,23680.0,27.7,2026-09-02T19:29:50.487542
Tokyo,35.6762,139.6503,2026-08-30T13:00,23.5,87,1.5,315,13.7,0.0,2,74,1011.2,21060.0,27.8,2026-09-02T19:29:50.487547
Tokyo,35.6762,139.6503,2026-08-30T14:00,23.3,88,1.9,292,9.7,0.0,3,85,1011.5,21080.0,27.5,2026-09-02T19:29:50.487554
Tokyo,35.6762,139.6503,2026-08-30T15:00,23.1,89,2.3,321,7.6,0.0,2,78,1011.1,17280.0,27.3,2026-09-02T19:29:50.487566
Tokyo,35.6762,139.6503,2026-08-30T16:00,23.0,90,1.1,342,6.8,0.0,2,70,1010.9,12120.0,27.4,2026-09-02T19:29:50.487575
Tokyo,35.6762,139.6503,2026-08-30T17:00,22.8,92,1.0,135,6.5,0.0,2,51,1010.8,12220.0,27.3,2026-09-02T19:29:50.487588
Tokyo,35.6762,139.6503,2026-08-30T18:00,23.0,91,2.1,31,8.3,0.0,2,54,1011.4,12140.0,27.4,2026-09-02T19:29:50.487598
Tokyo,35.6762,139.6503,2026-08-30T19:00,22.7,94,1.5,76,8.3,0.0,1,44,1011.6,12220.0,27.2,2026-09-02T19:29:50.487608
Tokyo,35.6762,139.6503,2026-08-30T20:00,22.6,93,2.3,18,9.7,0.0,1,38,1012.1,11840.0,26.9,2026-09-02T19:29:50.487617
Tokyo,35.6762,139.6503,2026-08-30T21:00,23.0,90,3.3,49,13.7,0.0,2,61,1012.7,15960.0,27.0,2026-09-02T19:29:50.487625
Tokyo,35.6762,139.6503,2026-08-30T22:00,23.5,86,2.3,39,18.4,0.0,2,52,1013.2,14420.0,27.6,2026-09-02T19:29:50.487634
Tokyo,35.6762,139.6503,2026-08-30T23:00,24.3,81,2.4,27,19.1,0.0,2,58,1013.1,14520.0,28.2,2026-09-02T19:29:50.487639
Tokyo,35.6762,139.6503,2026-08-31T00:00,23.4,85,4.1,15,18.7,0.0,3,88,1014.2,24020.0,27.1,2026-09-02T19:29:50.487645
Tokyo,35.6762,139.6503,2026-08-31T01:00,24.3,80,3.3,6,20.9,0.0,3,81,1014.3,17000.0,28.1,2026-09-02T19:29:50.487650
Tokyo,35.6762,139.6503,2026-08-31T02:00,25.2,76,2.5,8,21.2,0.0,2,77,1014.3,12040.0,29.1,2026-09-02T19:29:50.487655
Tokyo,35.6762,139.6503,2026-08-31T03:00,25.6,74,3.5,24,18.4,0.0,2,64,1014.5,14700.0,29.3,2026-09-02T19:29:50.487662
Tokyo,35.6762,139.6503,2026-08-31T04:00,26.4,71,2.9,30,20.9,0.0,2,50,1014.1,27600.0,30.3,2026-09-02T19:29:50.487667
Tokyo,35.6762,139.6503,2026-08-31T05:00,27.1,68,1.3,56,23.8,0.0,2,52,1013.6,27600.0,31.2,2026-09-02T19:29:50.487673
Tokyo,35.6762,139.6503,2026-08-31T06:00,27.2,68,3.3,77,23.8,0.0,2,69,1013.9,27600.0,31.0,2026-09-02T19:29:50.487678
Tokyo,35.6762,139.6503,2026-08-31T07:00,27.1,69,3.9,68,21.6,0.0,3,80,1014.2,30700.0,30.9,2026-09-02T19:29:50.487683
Tokyo,35.6762,139.6503,2026-08-31T08:00,26.4,71,4.9,73,21.2,0.0,2,73,1014.5,27620.0,30.0,2026-09-02T19:29:50.487688
Tokyo,35.6762,139.6503,2026-08-31T09:00,25.5,73,4.6,72,19.1,0.0,2,75,1015.0,27620.0,28.8,2026-09-02T19:29:50.487693
Tokyo,35.6762,139.6503,2026-08-31T10:00,24.9,77,3.9,68,20.2,0.0,3,86,1015.9,27620.0,28.5,2026-09-02T19:29:50.487697
Tokyo,35.6762,139.6503,2026-08-31T11:00,24.5,80,3.1,54,19.8,0.0,3,83,1016.4,27620.0,28.3,2026-09-02T19:29:50.487702
Tokyo,35.6762,139.6503,2026-08-31T12:00,23.5,82,3.3,77,16.2,0.0,2,51,1017.1,27640.0,27.1,2026-09-02T19:29:50.487707
Tokyo,35.6762,139.6503,2026-08-31T13:00,23.3,83,1.8,37,12.2,0.0,2,56,1017.0,24100.0,27.0,2026-09-02T19:29:50.487715
Tokyo,35.6762,139.6503,2026-08-31T14:00,23.1,84,2.2,9,10.4,0.0,2,57,1017.3,21180.0,26.8,2026-09-02T19:29:50.487722
Tokyo,35.6762,139.6503,2026-08-31T15:00,22.8,84,1.6,333,10.4,0.0,2,52,1017.5,20740.0,26.4,2026-09-02T19:29:50.487727
Tokyo,35.6762,139.6503,2026-08-31T16:00,22.5,86,2.3,288,9.7,0.0,1,47,1017.4,16080.0,26.0,2026-09-02T19:29:50.487733
Tokyo,35.6762,139.6503,2026-08-31T17:00,22.3,87,2.0,315,11.9,0.0,1,42,1017.3,15820.0,25.9,2026-09-02T19:29:50.487738
Tokyo,35.6762,139.6503,2026-08-31T18:00,22.1,88,2.6,344,13.0,0.0,1,26,1017.4,14240.0,25.7,2026-09-02T19:29:50.487742
Tokyo,35.6762,139.6503,2026-08-31T19:00,22.1,87,2.5,352,12.6,0.0,1,32,1017.2,15860.0,25.5,2026-09-02T19:29:50.487747
Tokyo,35.6762,139.6503,2026-08-31T20:00,22.0,87,2.6,344,10.4,0.0,1,35,1017.0,16140.0,25.3,2026-09-02T19:29:50.487752
Tokyo,35.6762,139.6503,2026-08-31T21:00,22.3,87,3.3,13,10.8,0.0,1,36,1017.4,16520.0,25.8,2026-09-02T19:29:50.487757
Tokyo,35.6762,139.6503,2026-08-31T22:00,23.0,84,3.8,17,14.0,0.0,1,35,1017.5,19840.0,26.5,2026-09-02T19:29:50.487762
Tokyo,35.6762,139.6503,2026-08-31T23:00,24.1,81,3.5,24,16.6,0.0,1,33,1017.3,16720.0,27.8,2026-09-02T19:29:50.487777
Tokyo,35.6762,139.6503,2026-09-01T00:00,24.8,79,2.7,23,16.9,0.0,1,48,1017.7,17300.0,28.7,2026-09-02T19:29:50.487788
Tokyo,35.6762,139.6503,2026-09-01T01:00,25.7,77,2.9,30,15.1,0.0,1,47,1017.7,11740.0,29.9,2026-09-02T19:29:50.487797
Tokyo,35.6762,139.6503,2026-09-01T02:00,26.6,73,3.4,32,15.5,0.0,2,53,1017.4,10220.0,30.7,2026-09-02T19:29:50.487806
Tokyo,35.6762,139.6503,2026-09-01T03:00,27.4,69,2.3,72,15.8,0.0,1,44,1016.7,13420.0,31.6,2026-09-02T19:29:50.487819
Tokyo,35.6762,139.6503,2026-09-01T04:00,28.2,66,1.5,45,15.1,0.0,1,41,1016.1,30820.0,32.6,2026-09-02T19:29:50.487829
Tokyo,35.6762,139.6503,2026-09-01T05:00,28.9,63,2.4,63,15.5,0.0,1,42,1015.6,30820.0,33.0,2026-09-02T19:29:50.487839
Tokyo,35.6762,139.6503,2026-09-01T06:00,28.9,63,2.1,59,19.8,0.0,1,37,1015.7,33700.0,33.1,2026-09-02T19:29:50.487848
Tokyo,35.6762,139.6503,2026-09-01T07:00,29.1,63,3.4,72,20.5,0.0,1,31,1015.5,33720.0,33.1,2026-09-02T19:29:50.487856
Tokyo,35.6762,139.6503,2026-09-01T08:00,28.5,67,4.0,90,21.2,0.0,2,64,1015.5,19520.0,32.7,2026-09-02T19:29:50.487861
Tokyo,35.6762,139.6503,2026-09-01T09:00,27.0,77,4.1,105,20.5,0.0,2,55,1016.0,27340.0,31.7,2026-09-02T19:29:50.487869
Tokyo,35.6762,139.6503,2026-09-01T10:00,26.0,81,4.0,90,15.5,0.0,1,30,1016.5,23240.0,30.7,2026-09-02T19:29:50.487875
Tokyo,35.6762,139.6503,2026-09-01T11:00,25.3,84,3.6,84,12.2,0.0,1,28,1017.0,23920.0,29.9,2026-09-02T19:29:50.487880
Tokyo,35.6762,139.6503,2026-09-01T12:00,24.7,87,2.5,98,10.4,0.0,1,27,1017.4,19820.0,29.5,2026-09-02T19:29:50.487885
Tokyo,35.6762,139.6503,2026-09-01T13:00,24.4,89,2.2,90,11.9,0.0,1,29,1017.2,17280.0,29.3,2026-09-02T19:29:50.487889
Tokyo,35.6762,139.6503,2026-09-01T14:00,24.0,91,2.0,45,9.0,0.0,1,25,1017.3,17740.0,28.9,2026-09-02T19:29:50.487894
Tokyo,35.6762,139.6503,2026-09-01T15:00,23.7,91,1.9,68,6.5,0.0,1,34,1016.9,16880.0,28.4,2026-09-02T19:29:50.487899
Tokyo,35.6762,139.6503,2026-09-01T16:00,23.3,93,1.8,79,5.0,0.0,1,34,1016.3,12060.0,28.1,2026-09-02T19:29:50.487904
Tokyo,35.6762,139.6503,2026-09-01T17:00,23.0,95,1.5,76,5.0,0.0,1,35,1015.9,12240.0,27.8,2026-09-02T19:29:50.487909
Tokyo,35.6762,139.6503,2026-09-01T18:00,23.0,96,1.9,112,4.7,0.0,1,36,1015.8,11980.0,27.9,2026-09-02T19:29:50.487914
Tokyo,35.6762,139.6503,2026-09-01T19:00,22.9,96,1.3,124,4.0,0.0,1,34,1015.4,11640.0,27.8,2026-09-02T19:29:50.487921
Tokyo,35.6762,139.6503,2026-09-01T20:00,22.8,96,2.8,310,5.0,0.0,1,39,1015.3,6360.0,27.4,2026-09-02T19:29:50.487926
Tokyo,35.6762,139.6503,2026-09-01T21:00,23.1,98,2.2,270,5.8,0.0,1,30,1015.2,11040.0,28.1,2026-09-02T19:29:50.487931
Tokyo,35.6762,139.6503,2026-09-01T22:00,24.0,95,1.1,288,7.2,0.0,0,19,1015.1,10300.0,29.4,2026-09-02T19:29:50.487936
Tokyo,35.6762,139.6503,2026-09-01T23:00,26.0,88,1.4,180,15.8,0.0,1,22,1014.9,7240.0,31.8,2026-09-02T19:29:50.487941
Tokyo,35.6762,139.6503,2026-09-02T00:00,27.1,79,1.1,180,16.9,0.0,1,23,1014.8,7560.0,32.6,2026-09-02T19:29:50.487946
Tokyo,35.6762,139.6503,2026-09-02T01:00,28.4,72,1.4,180,16.6,0.0,1,31,1014.7,8000.0,33.6,2026-09-02T19:29:50.487951
Tokyo,35.6762,139.6503,2026-09-02T02:00,29.4,69,3.2,180,18.0,0.0,1,35,1014.2,11520.0,34.8,2026-09-02T19:29:50.487956
Tokyo,35.6762,139.6503,2026-09-02T03:00,30.0,69,3.3,139,18.7,0.0,0,18,1013.9,9520.0,36.1,2026-09-02T19:29:50.487963
Tokyo,35.6762,139.6503,2026-09-02T04:00,30.8,66,4.6,162,20.2,0.0,0,14,1012.9,11580.0,36.9,2026-09-02T19:29:50.487976
Tokyo,35.6762,139.6503,2026-09-02T05:00,31.2,63,5.4,176,22.7,0.0,0,16,1012.3,30960.0,36.7,2026-09-02T19:29:50.487989
Tokyo,35.6762,139.6503,2026-09-02T06:00,30.4,65,5.2,164,24.8,0.0,1,23,1012.5,33840.0,35.2,2026-09-02T19:29:50.487999
Tokyo,35.6762,139.6503,2026-09-02T07:00,30.0,67,5.4,184,23.0,0.0,1,28,1012.7,33860.0,34.9,2026-09-02T19:29:50.488007
Tokyo,35.6762,139.6503,2026-09-02T08:00,28.9,73,5.8,187,22.3,0.0,1,44,1012.9,33860.0,33.9,2026-09-02T19:29:50.488017
Tokyo,35.6762,139.6503,2026-09-02T09:00,27.4,79,6.0,197,21.2,0.0,0,18,1013.2,27880.0,32.3,2026-09-02T19:29:50.488027
Tokyo,35.6762,139.6503,2026-09-02T10:00,26.5,84,5.1,188,18.0,0.0,0,18,1013.4,27880.0,31.6,2026-09-02T19:29:50.488037
Tokyo,35.6762,139.6503,2026-09-02T11:00,26.0,86,4.0,180,17.3,0.0,1,43,1013.6,27540.0,31.2,2026-09-02T19:29:50.488095
Tokyo,35.6762,139.6503,2026-09-02T12:00,25.7,88,3.7,169,15.1,0.0,2,76,1013.7,27900.0,31.0,2026-09-02T19:29:50.488103
Tokyo,35.6762,139.6503,2026-09-02T13:00,25.4,89,2.7,157,16.2,0.0,2,55,1013.6,27900.0,30.8,2026-09-02T19:29:50.488108
Tokyo,35.6762,139.6503,2026-09-02T14:00,25.2,91,3.4,162,13.7,0.0,1,41,1013.6,27900.0,30.6,2026-09-02T19:29:50.488113
Tokyo,35.6762,139.6503,2026-09-02T15:00,25.0,92,2.7,157,14.0,0.0,2,50,1013.1,24360.0,30.5,2026-09-02T19:29:50.488122
Tokyo,35.6762,139.6503,2026-09-02T16:00,24.8,93,2.9,173,15.8,0.0,1,38,1012.9,24360.0,30.3,2026-09-02T19:29:50.488149
Tokyo,35.6762,139.6503,2026-09-02T17:00,24.6,95,2.5,172,13.3,0.0,1,46,1012.6,24360.0,30.2,2026-09-02T19:29:50.488160
Tokyo,35.6762,139.6503,2026-09-02T18:00,24.3,96,2.5,135,14.4,0.0,1,39,1012.2,24360.0,29.9,2026-09-02T19:29:50.488169
Tokyo,35.6762,139.6503,2026-09-02T19:00,24.2,97,2.7,157,10.8,0.0,1,39,1012.0,24380.0,29.7,2026-09-02T19:29:50.488178
Tokyo,35.6762,139.6503,2026-09-02T20:00,24.1,98,3.0,166,10.8,0.0,1,43,1011.9,21440.0,29.6,2026-09-02T19:29:50.488187
Tokyo,35.6762,139.6503,2026-09-02T21:00,24.1,98,2.2,171,16.2,0.0,2,56,1011.9,21440.0,29.7,2026-09-02T19:29:50.488196
Tokyo,35.6762,139.6503,2026-09-02T22:00,24.7,97,2.6,196,19.1,0.0,3,83,1012.0,24380.0,30.6,2026-09-02T19:29:50.488204
Tokyo,35.6762,139.6503,2026-09-02T23:00,25.5,94,3.1,159,15.5,0.0,2,67,1011.6,27960.0,31.4,2026-09-02T19:29:50.488213
Tokyo,35.6762,139.6503,2026-09-03T00:00,26.5,90,3.2,180,13.7,0.0,1,45,1011.4,27960.0,32.7,2026-09-02T19:29:50.488222
Tokyo,35.6762,139.6503,2026-09-03T01:00,27.5,86,4.4,171,17.6,0.0,2,62,1010.9,31060.0,33.6,2026-09-02T19:29:50.488234
Tokyo,35.6762,139.6503,2026-09-03T02:00,28.6,81,5.2,196,20.9,0.0,2,64,1010.2,33960.0,34.6,2026-09-02T19:29:50.488239
Tokyo,35.6762,139.6503,2026-09-03T03:00,29.4,75,5.4,200,21.6,0.0,1,45,1009.6,33980.0,35.1,2026-09-02T19:29:50.488244
Tokyo,35.6762,139.6503,2026-09-03T04:00,30.1,71,5.2,196,17.3,0.0,1,38,1009.1,33980.0,35.6,2026-09-02T19:29:50.488249
Tokyo,35.6762,139.6503,2026-09-03T05:00,30.2,71,4.7,203,15.8,0.0,1,40,1008.9,33980.0,35.8,2026-09-02T19:29:50.488257
Tokyo,35.6762,139.6503,2026-09-03T06:00,29.6,73,3.8,197,11.5,0.0,3,99,1008.8,34000.0,35.3,2026-09-02T19:29:50.488262
Tokyo,35.6762,139.6503,2026-09-03T07:00,28.8,77,3.3,193,12.6,0.0,3,84,1009.0,4660.0,34.6,2026-09-02T19:29:50.488270
Tokyo,35.6762,139.6503,2026-09-03T08:00,27.6,86,2.3,309,12.2,1.0,55,90,1009.4,5680.0,34.1,2026-09-02T19:29:50.488276
Tokyo,35.6762,139.6503,2026-09-03T09:00,26.5,93,2.9,330,23.4,1.5,61,63,1009.4,8240.0,33.0,2026-09-02T19:29:50.488281
Tokyo,35.6762,139.6503,2026-09-03T10:00,25.9,93,4.3,355,24.1,1.1,55,46,1009.9,7420.0,31.9,2026-09-02T19:29:50.488287
Tokyo,35.6762,139.6503,2026-09-03T11:00,25.3,93,4.0,350,10.1,0.0,1,42,1010.4,10700.0,30.9,2026-09-02T19:29:50.488294
Tokyo,35.6762,139.6503,2026-09-03T12:00,24.9,93,3.0,346,12.2,0.0,2,51,1010.4,9460.0,30.5,2026-09-02T19:29:50.488299
Tokyo,35.6762,139.6503,2026-09-03T13:00,24.7,95,3.1,339,14.0,0.0,2,62,1010.1,8780.0,30.3,2026-09-02T19:29:50.488304
Tokyo,35.6762,139.6503,2026-09-03T14:00,24.6,96,2.1,329,10.4,0.0,1,45,1009.8,8760.0,30.3,2026-09-02T19:29:50.488309
Tokyo,35.6762,139.6503,2026-09-03T15:00,24.3,97,2.6,326,8.3,0.0,2,55,1009.8,16540.0,30.0,2026-09-02T19:29:50.488314
Tokyo,35.6762,139.6503,2026-09-03T16:00,24.2,97,2.6,344,7.2,0.0,3,82,1009.7,17660.0,29.7,2026-09-02T19:29:50.488319
Tokyo,35.6762,139.6503,2026-09-03T17:00,24.1,96,3.3,347,9.0,0.0,2,76,1009.7,17940.0,29.4,2026-09-02T19:29:50.488324
Tokyo,35.6762,139.6503,2026-09-03T18:00,23.9,96,3.6,354,15.8,0.0,3,96,1010.0,6480.0,29.0,2026-09-02T19:29:50.488328
Tokyo,35.6762,139.6503,2026-09-03T19:00,23.6,95,4.0,355,16.6,0.0,2,65,1010.1,6340.0,28.4,2026-09-02T19:29:50.488333
Tokyo,35.6762,139.6503,2026-09-03T20:00,23.3,93,4.0,350,11.2,0.0,3,97,1010.5,6260.0,27.7,2026-09-02T19:29:50.488338
Tokyo,35.6762,139.6503,2026-09-03T21:00,22.9,95,3.7,349,7.6,0.0,3,93,1011.0,3740.0,27.4,2026-09-02T19:29:50.488347
Tokyo,35.6762,139.6503,2026-09-03T22:00,22.6,95,3.1,339,11.9,0.7,53,78,1011.6,3980.0,26.9,2026-09-02T19:29:50.488352
Tokyo,35.6762,139.6503,2026-09-03T23:00,22.6,94,1.8,11,12.2,1.2,55,66,1011.4,2660.0,27.1,2026-09-02T19:29:50.488357
Tokyo,35.6762,139.6503,2026-09-04T00:00,23.1,92,1.6,333,8.6,0.9,53,53,1011.3,2300.0,27.6,2026-09-02T19:29:50.488363
Tokyo,35.6762,139.6503,2026-09-04T01:00,23.3,91,1.6,333,6.1,0.3,51,83,1011.8,2520.0,27.9,2026-09-02T19:29:50.488368
Tokyo,35.6762,139.6503,2026-09-04T02:00,23.4,91,0.8,27,6.5,0.7,53,82,1011.4,3220.0,28.2,2026-09-02T19:29:50.488373
Tokyo,35.6762,139.6503,2026-09-04T03:00,23.3,92,3.1,144,10.4,0.8,53,100,1010.4,4820.0,27.8,2026-09-02T19:29:50.488378
Tokyo,35.6762,139.6503,2026-09-04T04:00,23.2,92,2.2,81,12.2,0.7,53,97,1010.2,4940.0,27.8,2026-09-02T19:29:50.488383
Tokyo,35.6762,139.6503,2026-09-04T05:00,22.8,94,3.4,122,13.0,1.3,61,100,1009.5,3620.0,27.2,2026-09-02T19:29:50.488388
Tokyo,35.6762,139.6503,2026-09-04T06:00,22.6,94,1.3,214,10.8,3.0,63,83,1009.5,2480.0,27.2,2026-09-02T19:29:50.488393
Tokyo,35.6762,139.6503,2026-09-04T07:00,22.6,95,1.5,104,9.0,1.8,61,100,1009.9,3100.0,27.2,2026-09-02T19:29:50.488400
Tokyo,35.6762,139.6503,2026-09-04T08:00,22.4,97,1.0,135,9.4,1.1,55,98,1009.9,2700.0,27.2,2026-09-02T19:29:50.488405
Tokyo,35.6762,139.6503,2026-09-04T09:00,22.2,98,2.2,360,11.5,0.9,53,100,1009.6,4600.0,26.8,2026-09-02T19:29:50.488410
Tokyo,35.6762,139.6503,2026-09-04T10:00,22.1,98,1.5,45,8.3,0.6,53,100,1009.6,4040.0,26.7,2026-09-02T19:29:50.488415
Tokyo,35.6762,139.6503,2026-09-04T11:00,22.0,98,2.4,27,8.3,1.5,61,100,1008.7,3000.0,26.4,2026-09-02T19:29:50.488420
Tokyo,35.6762,139.6503,2026-09-04T12:00,22.0,98,2.5,360,11.5,0.5,53,94,1009.7,2580.0,26.4,2026-09-02T19:29:50.488425
Tokyo,35.6762,139.6503,2026-09-04T13:00,22.0,98,3.1,21,11.9,0.6,53,92,1009.4,2900.0,26.4,2026-09-02T19:29:50.488430
Tokyo,35.6762,139.6503,2026-09-04T14:00,21.9,98,2.5,45,7.9,2.2,61,100,1009.5,4360.0,26.3,2026-09-02T19:29:50.488435
Tokyo,35.6762,139.6503,2026-09-04T15:00,21.9,98,2.4,63,6.8,6.1,63,100,1009.1,4980.0,26.2,2026-09-02T19:29:50.488440
Tokyo,35.6762,139.6503,2026-09-04T16:00,21.7,98,2.5,360,7.9,3.1,63,100,1008.6,4220.0,26.0,2026-09-02T19:29:50.488445
Tokyo,35.6762,139.6503,2026-09-04T17:00,21.7,98,1.6,27,8.3,1.6,61,83,1008.5,3060.0,26.0,2026-09-02T19:29:50.488453
Tokyo,35.6762,139.6503,2026-09-04T18:00,21.7,98,1.8,53,10.4,2.3,61,87,1008.4,2760.0,26.0,2026-09-02T19:29:50.488458
Tokyo,35.6762,139.6503,2026-09-04T19:00,21.7,98,2.3,51,10.4,2.3,61,91,1008.4,4300.0,26.0,2026-09-02T19:29:50.488463
Tokyo,35.6762,139.6503,2026-09-04T20:00,21.8,98,2.3,51,7.9,2.0,61,95,1008.7,8400.0,26.1,2026-09-02T19:29:50.488467
Tokyo,35.6762,139.6503,2026-09-04T21:00,21.7,97,3.3,354,10.8,1.4,61,100,1009.4,11580.0,25.8,2026-09-02T19:29:50.488473
Tokyo,35.6762,139.6503,2026-09-04T22:00,21.7,97,3.3,354,17.6,1.2,55,97,1009.8,17740.0,25.7,2026-09-02T19:29:50.488477
Tokyo,35.6762,139.6503,2026-09-04T23:00,21.7,96,4.5,14,18.7,1.6,61,86,1010.3,24540.0,25.4,2026-09-02T19:29:50.488482
Tokyo,35.6762,139.6503,2026-09-05T00:00,21.5,95,5.0,360,22.7,1.6,61,90,1010.6,28240.0,25.0,2026-09-02T19:29:50.488487
Tokyo,35.6762,139.6503,2026-09-05T01:00,21.3,95,4.4,9,24.5,2.7,63,90,1011.1,31340.0,24.8,2026-09-02T19:29:50.488492
Tokyo,35.6762,139.6503,2026-09-05T02:00,21.4,94,4.4,351,24.1,0.6,53,88,1011.2,31360.0,24.8,2026-09-02T19:29:50.488497
Tokyo,35.6762,139.6503,2026-09-05T03:00,22.0,90,4.7,4,20.5,0.0,3,93,1011.0,19000.0,25.4,2026-09-02T19:29:50.488505
Tokyo,35.6762,139.6503,2026-09-05T04:00,23.6,82,6.0,19,21.6,0.0,3,94,1011.5,18260.0,26.7,2026-09-02T19:29:50.488510
Tokyo,35.6762,139.6503,2026-09-05T05:00,24.8,76,6.9,42,23.0,0.0,3,91,1012.0,31360.0,27.8,2026-09-02T19:29:50.488515
Tokyo,35.6762,139.6503,2026-09-05T06:00,25.9,71,8.7,61,26.6,0.0,3,96,1012.2,21300.0,28.5,2026-09-02T19:29:50.488520
Tokyo,35.6762,139.6503,2026-09-05T07:00,26.5,69,9.4,60,24.5,0.0,3,86,1012.7,31380.0,29.0,2026-09-02T19:29:50.488525
Tokyo,35.6762,139.6503,2026-09-05T08:00,25.3,72,9.3,65,23.4,0.0,3,94,1013.5,28280.0,27.8,2026-09-02T19:29:50.488530
Tokyo,35.6762,139.6503,2026-09-05T09:00,23.9,78,8.6,70,23.4,0.0,3,96,1014.1,28280.0,26.4,2026-09-02T19:29:50.488538
Tokyo,35.6762,139.6503,2026-09-05T10:00,23.1,83,7.0,44,18.4,0.0,3,100,1014.9,24700.0,26.0,2026-09-02T19:29:50.488543
Tokyo,35.6762,139.6503,2026-09-05T11:00,22.6,87,7.0,10,14.8,0.0,3,100,1015.6,21740.0,25.5,2026-09-02T19:29:50.488548
Tokyo,35.6762,139.6503,2026-09-05T12:00,22.1,90,6.8,358,14.8,0.0,3,100,1016.1,21740.0,25.2,2026-09-02T19:29:50.488553
Tokyo,35.6762,139.6503,2026-09-05T13:00,21.9,91,7.1,344,15.1,0.0,3,100,1016.2,18120.0,25.0,2026-09-02T19:29:50.488561
Tokyo,35.6762,139.6503,2026-09-05T14:00,21.8,91,7.7,344,16.6,0.0,3,100,1016.3,18120.0,24.6,2026-09-02T19:29:50.488566
Tokyo,35.6762,139.6503,2026-09-05T15:00,21.5,92,8.9,342,19.4,0.0,3,100,1016.4,18000.0,24.1,2026-09-02T19:29:50.488571
Tokyo,35.6762,139.6503,2026-09-05T16:00,21.4,91,9.4,343,21.2,0.0,3,100,1016.2,19580.0,23.7,2026-09-02T19:29:50.488576
Tokyo,35.6762,139.6503,2026-09-05T17:00,21.2,90,9.9,341,22.7,0.0,3,100,1016.4,21760.0,23.3,2026-09-02T19:29:50.488581
Tokyo,35.6762,139.6503,2026-09-05T18:00,21.0,89,9.9,341,23.0,0.0,3,100,1016.7,21780.0,22.9,2026-09-02T19:29:50.488586
Tokyo,35.6762,139.6503,2026-09-05T19:00,20.8,88,10.9,343,25.2,0.0,3,100,1016.6,21780.0,22.3,2026-09-02T19:29:50.488591
Tokyo,35.6762,139.6503,2026-09-05T20:00,20.8,86,11.0,349,26.3,0.0,3,100,1016.8,21780.0,22.2,2026-09-02T19:29:50.488596
Tokyo,35.6762,139.6503,2026-09-05T21:00,20.8,86,10.9,344,25.6,0.0,3,100,1017.2,24760.0,22.3,2026-09-02T19:29:50.488603
Tokyo,35.6762,139.6503,2026-09-05T22:00,20.9,86,9.8,337,26.3,0.0,3,100,1017.6,21800.0,22.6,2026-09-02T19:29:50.488609
Tokyo,35.6762,139.6503,2026-09-05T23:00,21.0,85,9.0,313,22.0,0.0,3,100,1017.7,24780.0,22.8,2026-09-02T19:29:50.488620
Tokyo,35.6762,139.6503,2026-09-06T00:00,21.8,82,9.6,322,23.8,0.0,3,100,1017.7,24780.0,23.5,2026-09-02T19:29:50.488630
Tokyo,35.6762,139.6503,2026-09-06T01:00,21.8,83,9.3,331,24.1,0.0,3,100,1017.5,20580.0,23.7,2026-09-02T19:29:50.488639
Tokyo,35.6762,139.6503,2026-09-06T02:00,22.1,83,8.8,317,22.7,0.0,3,100,1017.2,9240.0,24.2,2026-09-02T19:29:50.488649
Tokyo,35.6762,139.6503,2026-09-06T03:00,22.7,83,7.8,316,23.4,0.2,51,100,1016.6,5420.0,25.2,2026-09-02T19:29:50.488658
Tokyo,35.6762,139.6503,2026-09-06T04:00,23.1,85,6.6,325,19.1,0.4,51,100,1015.9,8460.0,26.2,2026-09-02T19:29:50.488668
Tokyo,35.6762,139.6503,2026-09-06T05:00,23.7,86,6.8,357,17.6,0.2,51,100,1015.5,11900.0,27.2,2026-09-02T19:29:50.488677
Tokyo,35.6762,139.6503,2026-09-06T06:00,24.0,86,9.7,40,22.7,0.4,51,100,1015.3,4580.0,27.1,2026-09-02T19:29:50.488685
Tokyo,35.6762,139.6503,2026-09-06T07:00,23.8,87,8.7,30,23.0,0.6,53,100,1015.2,4220.0,27.2,2026-09-02T19:29:50.488694
Tokyo,35.6762,139.6503,2026-09-06T08:00,23.4,90,7.7,360,23.4,0.6,53,100,1015.2,3880.0,26.9,2026-09-02T19:29:50.488704
Tokyo,35.6762,139.6503,2026-09-06T09:00,23.0,91,8.5,339,23.8,0.6,53,100,1015.3,3520.0,26.4,2026-09-02T19:29:50.488719
Tokyo,35.6762,139.6503,2026-09-06T10:00,22.8,93,9.0,338,23.4,2.3,80,100,1015.4,2860.0,26.2,2026-09-02T19:29:50.488729
Tokyo,35.6762,139.6503,2026-09-06T11:00,22.6,94,9.1,343,22.7,2.3,80,100,1015.5,2220.0,26.0,2026-09-02T19:29:50.488739
Tokyo,35.6762,139.6503,2026-09-06T12:00,22.5,95,8.9,347,22.3,2.3,80,100,1015.4,1560.0,25.9,2026-09-02T19:29:50.488749
Tokyo,35.6762,139.6503,2026-09-06T13:00,22.3,96,8.1,347,22.3,4.2,81,100,1015.1,1580.0,25.8,2026-09-02T19:29:50.488759
Tokyo,35.6762,139.6503,2026-09-06T14:00,22.1,97,7.2,347,22.3,4.2,81,100,1014.7,1580.0,25.7,2026-09-02T19:29:50.488768
Tokyo,35.6762,139.6503,2026-09-06T15:00,22.0,98,6.5,352,22.3,4.2,81,100,1014.1,1600.0,25.7,2026-09-02T19:29:50.488778
Tokyo,35.6762,139.6503,2026-09-06T16:00,22.0,98,6.7,6,22.3,4.7,81,100,1013.4,1560.0,25.8,2026-09-02T19:29:50.488789
Tokyo,35.6762,139.6503,2026-09-06T17:00,22.2,98,7.8,22,22.3,4.7,81,100,1012.6,1540.0,25.8,2026-09-02T19:29:50.488799
Tokyo,35.6762,139.6503,2026-09-06T18:00,22.3,98,9.1,32,22.7,4.7,95,100,1011.9,1500.0,25.8,2026-09-02T19:29:50.488809
Tokyo,35.6762,139.6503,2026-09-06T19:00,22.3,98,11.0,35,23.8,5.8,95,100,1011.3,1500.0,25.5,2026-09-02T19:29:50.488823
Tokyo,35.6762,139.6503,2026-09-06T20:00,22.3,98,12.9,36,25.6,5.8,95,100,1010.7,1520.0,25.3,2026-09-02T19:29:50.488832
Tokyo,35.6762,139.6503,2026-09-06T21:00,22.5,98,12.9,46,28.4,5.8,95,100,1010.2,1520.0,25.6,2026-09-02T19:29:50.488843
Tokyo,35.6762,139.6503,2026-09-06T22:00,23.1,98,12.1,79,33.5,4.6,95,100,1009.6,1840.0,26.6,2026-09-02T19:29:50.488853
Tokyo,35.6762,139.6503,2026-09-06T23:00,23.9,96,16.3,115,40.0,4.6,95,100,1009.0,2180.0,27.2,2026-09-02T19:29:50.488863
Tokyo,35.6762,139.6503,2026-09-07T00:00,24.6,95,20.9,132,45.4,4.6,95,100,1008.5,2500.0,27.4,2026-09-02T19:29:50.488872
Tokyo,35.6762,139.6503,2026-09-07T01:00,24.8,96,20.9,142,49.7,3.3,95,100,1008.1,2320.0,27.9,2026-09-02T19:29:50.488882
Tokyo,35.6762,139.6503,2026-09-07T02:00,24.9,96,18.5,153,52.9,3.3,95,100,1007.8,2120.0,28.5,2026-09-02T19:29:50.488893
Tokyo,35.6762,139.6503,2026-09-07T03:00,25.0,96,17.1,165,54.0,3.3,95,100,1007.4,1940.0,28.9,2026-09-02T19:29:50.488903
Tokyo,35.6762,139.6503,2026-09-07T04:00,25.2,96,17.2,175,51.5,2.7,95,100,1006.9,2340.0,29.1,2026-09-02T19:29:50.488912
Tokyo,35.6762,139.6503,2026-09-07T05:00,25.5,94,17.3,181,46.8,2.7,95,100,1006.4,2720.0,29.3,2026-09-02T19:29:50.488926
Tokyo,35.6762,139.6503,2026-09-07T06:00,25.6,94,17.5,185,43.2,2.7,95,100,1006.0,3120.0,29.4,2026-09-02T19:29:50.488935
Tokyo,35.6762,139.6503,2026-09-07T07:00,25.5,94,17.3,185,42.1,1.6,80,100,1005.9,3460.0,29.3,2026-09-02T19:29:50.488944
Tokyo,35.6762,139.6503,2026-09-07T08:00,25.3,95,17.1,181,42.5,1.6,80,100,1006.0,3820.0,29.2,2026-09-02T19:29:50.488953
Tokyo,35.6762,139.6503,2026-09-07T09:00,25.1,96,16.6,179,42.1,1.6,80,100,1006.2,4160.0,29.0,2026-09-02T19:29:50.488962
Tokyo,35.6762,139.6503,2026-09-07T10:00,25.0,96,15.7,177,41.0,0.7,53,100,1006.5,3820.0,29.0,2026-09-02T19:29:50.488967
Tokyo,35.6762,139.6503,2026-09-07T11:00,24.9,96,14.6,176,40.0,0.7,53,100,1006.9,3500.0,29.1,2026-09-02T19:29:50.488972
Tokyo,35.6762,139.6503,2026-09-07T12:00,24.8,96,13.7,176,38.5,0.7,53,100,1007.0,3160.0,29.0,2026-09-02T19:29:50.488981
Tokyo,35.6762,139.6503,2026-09-07T13:00,24.7,96,13.0,176,36.4,0.3,51,100,1006.7,3940.0,28.9,2026-09-02T19:29:50.488987
Tokyo,35.6762,139.6503,2026-09-07T14:00,24.5,96,12.3,177,34.2,0.3,51,99,1006.2,4700.0,28.7,2026-09-02T19:29:50.488992
Tokyo,35.6762,139.6503,2026-09-07T15:00,24.4,96,11.9,178,32.4,0.3,51,98,1005.7,5480.0,28.6,2026-09-02T19:29:50.489000
Tokyo,35.6762,139.6503,2026-09-07T16:00,24.7,95,12.2,182,31.3,0.2,51,95,1005.3,6560.0,28.9,2026-09-02T19:29:50.489005
Tokyo,35.6762,139.6503,2026-09-07T17:00,25.0,95,13.2,185,30.6,0.2,51,91,1004.8,7660.0,29.2,2026-09-02T19:29:50.489010
Tokyo,35.6762,139.6503,2026-09-07T18:00,25.3,94,13.6,187,29.9,0.2,51,88,1004.5,8740.0,29.6,2026-09-02T19:29:50.489015
Tokyo,35.6762,139.6503,2026-09-07T19:00,25.3,94,12.9,188,29.5,0.1,51,87,1004.4,9600.0,29.6,2026-09-02T19:29:50.489020
Tokyo,35.6762,139.6503,2026-09-07T20:00,25.2,95,11.6,188,29.5,0.1,51,88,1004.3,10440.0,29.7,2026-09-02T19:29:50.489025
Tokyo,35.6762,139.6503,2026-09-07T21:00,25.4,94,10.9,188,29.5,0.1,51,88,1004.4,11300.0,30.1,2026-09-02T19:29:50.489030
Tokyo,35.6762,139.6503,2026-09-07T22:00,26.4,90,10.9,187,29.9,0.0,3,88,1004.7,11260.0,31.3,2026-09-02T19:29:50.489035
Tokyo,35.6762,139.6503,2026-09-07T23:00,27.8,85,11.4,186,30.6,0.0,3,88,1005.0,11220.0,32.8,2026-09-02T19:29:50.489040
Tokyo,35.6762,139.6503,2026-09-08T00:00,28.9,80,12.1,186,32.0,0.0,3,88,1005.1,11180.0,33.9,2026-09-02T19:29:50.489048
Tokyo,35.6762,139.6503,2026-09-08T01:00,29.4,78,13.1,188,34.2,0.2,51,89,1004.7,10260.0,34.3,2026-09-02T19:29:50.489181
Tokyo,35.6762,139.6503,2026-09-08T02:00,29.6,78,14.3,190,37.1,0.2,51,90,1004.1,9360.0,34.7,2026-09-02T19:29:50.489197
Tokyo,35.6762,139.6503,2026-09-08T03:00,29.7,77,15.0,190,39.2,0.2,51,91,1003.5,8440.0,35.0,2026-09-02T19:29:50.489206
Tokyo,35.6762,139.6503,2026-09-08T04:00,30.0,76,14.8,186,40.7,0.0,3,91,1003.0,13800.0,35.3,2026-09-02T19:29:50.489214
Tokyo,35.6762,139.6503,2026-09-08T05:00,30.1,75,14.4,180,41.8,0.0,3,91,1002.5,19140.0,35.2,2026-09-02T19:29:50.489222
Tokyo,35.6762,139.6503,2026-09-08T06:00,30.0,76,13.9,175,42.1,0.0,3,91,1002.2,24500.0,34.9,2026-09-02T19:29:50.489231
Tokyo,35.6762,139.6503,2026-09-08T07:00,29.3,80,13.4,174,42.1,0.0,3,92,1002.3,23100.0,34.3,2026-09-02T19:29:50.489241
Tokyo,35.6762,139.6503,2026-09-08T08:00,28.4,85,13.0,175,41.0,0.0,3,92,1002.6,21680.0,33.5,2026-09-02T19:29:50.489249
Tokyo,35.6762,139.6503,2026-09-08T09:00,27.6,89,12.4,177,39.6,0.0,3,91,1002.9,20280.0,32.9,2026-09-02T19:29:50.489258
Tokyo,35.6762,139.6503,2026-09-08T10:00,28.2,85,13.0,174,33.8,0.0,3,83,1003.5,20680.0,33.4,2026-09-02T19:29:50.489266
Tokyo,35.6762,139.6503,2026-09-08T11:00,27.7,88,12.5,175,31.3,0.0,2,79,1003.9,21100.0,32.9,2026-09-02T19:29:50.489284
Tokyo,35.6762,139.6503,2026-09-08T12:00,27.3,90,11.4,175,29.5,0.0,2,73,1004.1,21500.0,32.7,2026-09-02T19:29:50.489294
Tokyo,35.6762,139.6503,2026-09-08T13:00,26.9,92,9.8,174,28.4,0.0,2,64,1004.0,20800.0,32.5,2026-09-02T19:29:50.489309
Tokyo,35.6762,139.6503,2026-09-08T14:00,26.6,93,7.8,172,28.1,0.0,2,52,1003.7,20080.0,32.4,2026-09-02T19:29:50.489318
Tokyo,35.6762,139.6503,2026-09-08T15:00,26.2,95,5.5,171,27.7,0.0,1,38,1003.3,19380.0,32.3,2026-09-02T19:29:50.489328
Tokyo,35.6762,139.6503,2026-09-08T16:00,26.0,95,3.4,164,27.7,0.0,1,26,1002.9,18680.0,32.4,2026-09-02T19:29:50.489339
Tokyo,35.6762,139.6503,2026-09-08T17:00,25.9,95,1.4,140,27.4,0.0,0,18,1002.6,17960.0,32.5,2026-09-02T19:29:50.489349
Tokyo,35.6762,139.6503,2026-09-08T18:00,26.0,95,0.9,53,26.3,0.0,0,16,1002.5,17260.0,32.6,2026-09-02T19:29:50.489356
Tokyo,35.6762,139.6503,2026-09-08T19:00,26.3,92,1.7,18,24.5,0.0,1,23,1002.6,17640.0,32.8,2026-09-02T19:29:50.489366
Tokyo,35.6762,139.6503,2026-09-08T20:00,27.0,89,2.3,4,22.3,0.0,1,36,1002.9,18020.0,33.3,2026-09-02T19:29:50.489375
Tokyo,35.6762,139.6503,2026-09-08T21:00,27.7,85,2.9,360,19.8,0.0,2,53,1003.2,18400.0,33.9,2026-09-02T19:29:50.489388
Tokyo,35.6762,139.6503,2026-09-08T22:00,28.5,81,3.3,354,17.3,0.0,2,71,1003.6,18760.0,34.6,2026-09-02T19:29:50.489397
Tokyo,35.6762,139.6503,2026-09-08T23:00,29.1,78,3.8,355,15.5,0.0,3,87,1003.9,19140.0,35.1,2026-09-02T19:29:50.489405
Sydney,-33.8688,151.2093,2026-08-23T00:00,15.9,74,4.7,270,18.0,0.0,1,25,1028.0,48220.0,15.6,2026-09-02T19:29:50.681102
Sydney,-33.8688,151.2093,2026-08-23T01:00,17.4,69,2.1,290,15.5,0.0,1,30,1027.4,9640.0,17.6,2026-09-02T19:29:50.681123
Sydney,-33.8688,151.2093,2026-08-23T02:00,18.1,65,6.1,50,18.7,0.3,51,50,1026.4,7080.0,18.2,2026-09-02T19:29:50.681131
Sydney,-33.8688,151.2093,2026-08-23T03:00,18.4,62,11.0,55,27.7,0.1,51,57,1025.5,43080.0,17.2,2026-09-02T19:29:50.681138
Sydney,-33.8688,151.2093,2026-08-23T04:00,18.3,64,12.2,62,29.9,0.0,1,48,1025.1,52140.0,16.9,2026-09-02T19:29:50.681144
Sydney,-33.8688,151.2093,2026-08-23T05:00,17.9,66,13.0,57,31.0,0.0,1,31,1025.1,52120.0,16.5,2026-09-02T19:29:50.681150
Sydney,-33.8688,151.2093,2026-08-23T06:00,17.7,64,15.2,43,31.0,0.0,1,25,1024.9,52120.0,15.7,2026-09-02T19:29:50.681156
Sydney,-33.8688,151.2093,2026-08-23T07:00,17.1,67,12.9,41,32.0,0.0,1,20,1024.9,52100.0,15.4,2026-09-02T19:29:50.681172
Sydney,-33.8688,151.2093,2026-08-23T08:00,16.3,71,11.9,41,26.3,0.0,0,15,1025.2,52100.0,14.8,2026-09-02T19:29:50.681203
Sydney,-33.8688,151.2093,2026-08-23T09:00,15.8,74,9.3,40,23.4,0.0,0,6,1025.7,48140.0,14.8,2026-09-02T19:29:50.681215
Sydney,-33.8688,151.2093,2026-08-23T10:00,15.6,75,12.3,23,23.8,0.0,0,2,1025.9,48120.0,14.1,2026-09-02T19:29:50.681225
Sydney,-33.8688,151.2093,2026-08-23T11:00,15.6,75,12.6,22,24.1,0.0,0,2,1026.0,48120.0,14.1,2026-09-02T19:29:50.681236
Sydney,-33.8688,151.2093,2026-08-23T12:00,15.1,80,14.9,15,31.0,0.0,0,2,1026.4,48100.0,13.4,2026-09-02T19:29:50.681242
Sydney,-33.8688,151.2093,2026-08-23T13:00,14.7,82,13.1,13,28.4,0.0,0,4,1026.0,43220.0,13.3,2026-09-02T19:29:50.681248
Sydney,-33.8688,151.2093,2026-08-23T14:00,14.3,85,10.9,7,24.1,0.0,0,4,1025.9,43200.0,13.3,2026-09-02T19:29:50.681254
Sydney,-33.8688,151.2093,2026-08-23T15:00,13.6,87,9.3,344,19.8,0.0,0,1,1025.7,39520.0,12.7,2026-09-02T19:29:50.681259
Sydney,-33.8688,151.2093,2026-08-23T16:00,12.8,88,6.4,338,17.6,0.0,0,0,1025.3,43200.0,12.1,2026-09-02T19:29:50.681266
Sydney,-33.8688,151.2093,2026-08-23T17:00,12.4,87,5.8,334,12.6,0.0,0,0,1024.8,43180.0,11.7,2026-09-02T19:29:50.681276
Sydney,-33.8688,151.2093,2026-08-23T18:00,12.1,90,6.1,332,11.9,0.0,0,5,1024.9,39480.0,11.4,2026-09-02T19:29:50.681282
Sydney,-33.8688,151.2093,2026-08-23T19:00,12.0,90,5.8,344,11.9,0.0,0,0,1024.8,39480.0,11.2,2026-09-02T19:29:50.681288
Sydney,-33.8688,151.2093,2026-08-23T20:00,11.9,91,5.9,342,11.2,0.0,0,0,1025.1,39480.0,11.1,2026-09-02T19:29:50.681294
Sydney,-33.8688,151.2093,2026-08-23T21:00,12.1,92,5.2,333,11.2,0.0,0,0,1025.6,34560.0,11.5,2026-09-02T19:29:50.681303
Sydney,-33.8688,151.2093,2026-08-23T22:00,13.7,90,5.2,2,12.2,0.0,0,0,1025.7,39460.0,13.5,2026-09-02T19:29:50.681309
Sydney,-33.8688,151.2093,2026-08-23T23:00,15.8,83,4.7,9,14.8,0.0,0,0,1025.5,43140.0,16.0,2026-09-02T19:29:50.681314
Sydney,-33.8688,151.2093,2026-08-24T00:00,18.0,75,6.0,27,15.1,0.0,0,0,1025.2,48000.0,18.2,2026-09-02T19:29:50.681320
Sydney,-33.8688,151.2093,2026-08-24T01:00,19.4,71,4.8,42,17.6,0.0,0,1,1024.4,51940.0,20.5,2026-09-02T19:29:50.681326
Sydney,-33.8688,151.2093,2026-08-24T02:00,20.4,68,7.0,55,20.5,0.0,1,22,1023.2,21560.0,21.6,2026-09-02T19:29:50.681332
Sydney,-33.8688,151.2093,2026-08-24T03:00,20.3,71,11.0,65,28.1,0.0,0,8,1022.0,35220.0,20.9,2026-09-02T19:29:50.681341
Sydney,-33.8688,151.2093,2026-08-24T04:00,20.5,71,11.2,58,29.2,0.0,1,20,1021.5,46160.0,20.8,2026-09-02T19:29:50.681347
Sydney,-33.8688,151.2093,2026-08-24T05:00,19.9,72,16.5,55,37.1,0.0,0,4,1021.2,47960.0,19.0,2026-09-02T19:29:50.681352
Sydney,-33.8688,151.2093,2026-08-24T06:00,19.0,77,17.4,40,39.2,0.0,0,2,1020.4,47940.0,18.1,2026-09-02T19:29:50.681358
Sydney,-33.8688,151.2093,2026-08-24T07:00,18.4,81,19.5,39,38.9,0.0,0,1,1020.3,47940.0,17.3,2026-09-02T19:29:50.681364
Sydney,-33.8688,151.2093,2026-08-24T08:00,17.6,85,19.5,38,38.9,0.0,0,0,1020.4,43060.0,16.5,2026-09-02T19:29:50.681370
Sydney,-33.8688,151.2093,2026-08-24T09:00,17.3,87,19.4,27,38.9,0.0,0,10,1020.9,39360.0,16.2,2026-09-02T19:29:50.681376
Sydney,-33.8688,151.2093,2026-08-24T10:00,17.1,87,18.1,27,38.2,0.0,2,63,1021.2,39360.0,16.1,2026-09-02T19:29:50.681381
Sydney,-33.8688,151.2093,2026-08-24T11:00,16.7,89,17.2,26,36.0,0.0,3,87,1021.1,39340.0,15.8,2026-09-02T19:29:50.681387
Sydney,-33.8688,151.2093,2026-08-24T12:00,17.0,87,17.4,21,34.2,0.0,3,86,1021.1,39340.0,16.0,2026-09-02T19:29:50.681393
Sydney,-33.8688,151.2093,2026-08-24T13:00,16.6,84,16.0,19,34.2,0.0,3,93,1020.5,43000.0,15.5,2026-09-02T19:29:50.681402
Sydney,-33.8688,151.2093,2026-08-24T14:00,16.2,83,13.7,21,31.7,0.0,2,70,1020.2,43000.0,15.2,2026-09-02T19:29:50.681407
Sydney,-33.8688,151.2093,2026-08-24T15:00,15.6,85,10.7,8,27.0,0.0,3,99,1019.9,43000.0,15.0,2026-09-02T19:29:50.681413
Sydney,-33.8688,151.2093,2026-08-24T16:00,14.8,88,5.8,340,20.9,0.0,3,89,1019.5,39300.0,14.8,2026-09-02T19:29:50.681444
Sydney,-33.8688,151.2093,2026-08-24T17:00,14.1,90,5.5,349,11.2,0.0,3,80,1019.0,39300.0,14.0,2026-09-02T19:29:50.681498
Sydney,-33.8688,151.2093,2026-08-24T18:00,14.9,89,12.2,8,12.6,0.0,3,86,1018.3,39280.0,14.0,2026-09-02T19:29:50.681514
Sydney,-33.8688,151.2093,2026-08-24T19:00,14.6,86,10.7,354,23.0,0.0,3,99,1018.2,42960.0,13.8,2026-09-02T19:29:50.681526
Sydney,-33.8688,151.2093,2026-08-24T20:00,15.1,81,12.2,352,23.0,0.0,3,98,1018.5,47820.0,13.8,2026-09-02T19:29:50.681538
Sydney,-33.8688,151.2093,2026-08-24T21:00,16.5,70,15.6,353,30.2,0.0,3,97,1018.8,51740.0,14.5,2026-09-02T19:29:50.681549
Sydney,-33.8688,151.2093,2026-08-24T22:00,17.6,65,14.8,354,32.0,0.0,3,100,1019.1,51740.0,15.7,2026-09-02T19:29:50.681559
Sydney,-33.8688,151.2093,2026-08-24T23:00,18.8,62,13.6,352,30.2,0.0,3,98,1019.2,55240.0,17.2,2026-09-02T19:29:50.681578
Sydney,-33.8688,151.2093,2026-08-25T00:00,20.0,62,14.6,18,29.2,0.0,3,100,1018.9,51720.0,18.7,2026-09-02T19:29:50.681592
Sydney,-33.8688,151.2093,2026-08-25T01:00,19.8,66,11.4,5,32.0,0.2,51,99,1018.5,7680.0,19.2,2026-09-02T19:29:50.681603
Sydney,-33.8688,151.2093,2026-08-25T02:00,19.5,72,8.1,6,24.8,0.6,53,100,1017.7,3980.0,19.7,2026-09-02T19:29:50.681614
Sydney,-33.8688,151.2093,2026-08-25T03:00,18.4,82,9.7,10,17.6,1.2,55,100,1017.1,3000.0,18.8,2026-09-02T19:29:50.681627
Sydney,-33.8688,151.2093,2026-08-25T04:00,17.2,91,15.3,360,25.6,1.2,55,100,1016.6,4020.0,16.9,2026-09-02T19:29:50.681638
Sydney,-33.8688,151.2093,2026-08-25T05:00,17.2,92,16.2,1,32.8,1.4,61,100,1016.4,2980.0,16.9,2026-09-02T19:29:50.681649
Sydney,-33.8688,151.2093,2026-08-25T06:00,16.8,93,15.3,4,31.0,1.7,61,100,1016.5,2580.0,16.5,2026-09-02T19:29:50.681660
Sydney,-33.8688,151.2093,2026-08-25T07:00,16.4,93,15.0,5,28.4,1.9,61,100,1016.3,3160.0,16.0,2026-09-02T19:29:50.681671
Sydney,-33.8688,151.2093,2026-08-25T08:00,16.2,94,13.9,4,28.1,1.3,61,100,1016.8,3200.0,15.9,2026-09-02T19:29:50.681683
Sydney,-33.8688,151.2093,2026-08-25T09:00,16.1,94,12.1,1,25.9,1.0,55,100,1017.0,4820.0,16.0,2026-09-02T19:29:50.681699
Sydney,-33.8688,151.2093,2026-08-25T10:00,16.1,94,11.3,358,22.3,0.7,53,100,1017.3,4880.0,16.1,2026-09-02T19:29:50.681711
Sydney,-33.8688,151.2093,2026-08-25T11:00,16.0,94,13.7,359,24.5,0.2,51,100,1017.0,32880.0,15.7,2026-09-02T19:29:50.681723
Sydney,-33.8688,151.2093,2026-08-25T12:00,16.1,95,11.3,8,24.8,0.0,3,100,1017.2,34260.0,16.2,2026-09-02T19:29:50.681733
Sydney,-33.8688,151.2093,2026-08-25T13:00,16.1,94,10.1,355,20.2,0.1,51,100,1016.5,15940.0,16.3,2026-09-02T19:29:50.681744
Sydney,-33.8688,151.2093,2026-08-25T14:00,15.8,94,8.2,327,18.0,0.1,51,100,1016.5,6640.0,16.2,2026-09-02T19:29:50.681756
Sydney,-33.8688,151.2093,2026-08-25T15:00,15.4,96,7.1,304,14.0,0.2,51,100,1016.5,10780.0,15.9,2026-09-02T19:29:50.681767
Sydney,-33.8688,151.2093,2026-08-25T16:00,15.1,97,10.0,300,18.4,0.1,51,100,1016.7,7820.0,15.1,2026-09-02T19:29:50.681779
Sydney,-33.8688,151.2093,2026-08-25T17:00,14.9,97,9.0,290,18.0,0.1,51,100,1016.4,9280.0,15.0,2026-09-02T19:29:50.681791
Sydney,-33.8688,151.2093,2026-08-25T18:00,14.6,98,9.1,287,16.2,0.2,51,100,1016.0,11400.0,14.7,2026-09-02T19:29:50.681802
Sydney,-33.8688,151.2093,2026-08-25T19:00,14.5,99,9.7,281,17.3,0.0,3,97,1016.3,2920.0,14.4,2026-09-02T19:29:50.681823
Sydney,-33.8688,151.2093,2026-08-25T20:00,14.2,99,11.2,269,20.9,0.0,3,100,1017.3,500.0,13.8,2026-09-02T19:29:50.681836
Sydney,-33.8688,151.2093,2026-08-25T21:00,14.6,95,11.3,224,20.9,0.0,3,93,1018.8,780.0,14.1,2026-09-02T19:29:50.681848
Sydney,-33.8688,151.2093,2026-08-25T22:00,15.5,91,14.3,217,26.6,0.1,51,80,1019.6,1820.0,14.7,2026-09-02T19:29:50.681859
Sydney,-33.8688,151.2093,2026-08-25T23:00,16.7,87,13.1,205,31.7,0.5,53,98,1020.3,6540.0,16.2,2026-09-02T19:29:50.681870
Sydney,-33.8688,151.2093,2026-08-26T00:00,17.0,77,17.3,197,34.6,3.2,81,37,1020.7,12420.0,15.4,2026-09-02T19:29:50.681882
Sydney,-33.8688,151.2093,2026-08-26T01:00,17.6,74,18.5,196,44.3,0.2,51,52,1020.6,9560.0,16.0,2026-09-02T19:29:50.681893
Sydney,-33.8688,151.2093,2026-08-26T02:00,17.7,72,19.9,190,45.7,0.1,51,82,1020.5,10680.0,15.8,2026-09-02T19:29:50.681905
Sydney,-33.8688,151.2093,2026-08-26T03:00,17.2,73,21.8,181,49.0,0.2,51,76,1020.2,15660.0,14.8,2026-09-02T19:29:50.681916
Sydney,-33.8688,151.2093,2026-08-26T04:00,17.6,70,21.2,179,49.0,0.0,1,34,1020.3,15940.0,15.1,2026-09-02T19:29:50.681928
Sydney,-33.8688,151.2093,2026-08-26T05:00,17.4,71,19.8,178,49.0,0.0,1,20,1020.8,39620.0,15.1,2026-09-02T19:29:50.681945
Sydney,-33.8688,151.2093,2026-08-26T06:00,16.7,72,14.6,171,44.6,0.0,0,13,1021.1,47500.0,15.0,2026-09-02T19:29:50.681957
Sydney,-33.8688,151.2093,2026-08-26T07:00,16.3,75,13.9,169,32.4,0.0,1,28,1021.6,47500.0,14.8,2026-09-02T19:29:50.682014
Sydney,-33.8688,151.2093,2026-08-26T08:00,15.8,78,10.2,172,28.8,0.0,1,39,1022.4,47480.0,14.9,2026-09-02T19:29:50.682031
Sydney,-33.8688,151.2093,2026-08-26T09:00,15.6,80,8.8,171,20.2,0.0,2,70,1023.2,47480.0,15.0,2026-09-02T19:29:50.682041
Sydney,-33.8688,151.2093,2026-08-26T10:00,15.7,79,9.8,166,19.4,0.0,3,100,1023.8,47480.0,14.9,2026-09-02T19:29:50.682051
Sydney,-33.8688,151.2093,2026-08-26T11:00,15.7,77,9.3,164,19.4,0.0,3,100,1024.3,47460.0,14.9,2026-09-02T19:29:50.682097
Sydney,-33.8688,151.2093,2026-08-26T12:00,15.2,81,8.9,166,18.7,0.0,3,100,1024.9,43360.0,14.4,2026-09-02T19:29:50.682108
Sydney,-33.8688,151.2093,2026-08-26T13:00,14.8,84,9.1,170,18.7,0.0,3,98,1025.0,12020.0,14.1,2026-09-02T19:29:50.682118
Sydney,-33.8688,151.2093,2026-08-26T14:00,14.5,86,7.8,171,18.0,0.2,51,100,1025.0,8560.0,14.0,2026-09-02T19:29:50.682129
Sydney,-33.8688,151.2093,2026-08-26T15:00,14.3,87,7.9,177,16.2,0.5,53,100,1025.1,8760.0,13.7,2026-09-02T19:29:50.682148
Sydney,-33.8688,151.2093,2026-08-26T16:00,14.2,89,7.0,193,14.8,0.1,51,100,1024.7,17020.0,13.8,2026-09-02T19:29:50.682160
Sydney,-33.8688,151.2093,2026-08-26T17:00,14.1,89,8.0,208,14.8,0.0,3,100,1024.7,14880.0,13.7,2026-09-02T19:29:50.682170
Sydney,-33.8688,151.2093,2026-08-26T18:00,13.5,93,8.9,207,19.4,0.1,51,100,1025.6,6480.0,13.0,2026-09-02T19:29:50.682182
Sydney,-33.8688,151.2093,2026-08-26T19:00,13.4,94,8.1,198,16.6,0.2,51,100,1025.9,13060.0,13.0,2026-09-02T19:29:50.682193
Sydney,-33.8688,151.2093,2026-08-26T20:00,13.4,89,9.3,193,17.6,0.1,51,99,1026.3,9580.0,12.5,2026-09-02T19:29:50.682204
Sydney,-33.8688,151.2093,2026-08-26T21:00,13.6,90,9.4,197,18.0,0.2,51,100,1026.7,9920.0,12.8,2026-09-02T19:29:50.682215
Sydney,-33.8688,151.2093,2026-08-26T22:00,14.0,88,10.6,194,20.9,0.2,51,98,1027.4,13580.0,13.1,2026-09-02T19:29:50.682226
Sydney,-33.8688,151.2093,2026-08-26T23:00,14.9,80,11.3,187,25.6,0.1,51,33,1027.8,13160.0,13.7,2026-09-02T19:29:50.682238
Sydney,-33.8688,151.2093,2026-08-27T00:00,15.0,76,7.9,184,30.2,0.0,3,100,1028.0,14120.0,14.1,2026-09-02T19:29:50.682250
Sydney,-33.8688,151.2093,2026-08-27T01:00,15.7,71,8.5,175,21.6,0.0,2,73,1027.6,47340.0,14.6,2026-09-02T19:29:50.682268
Sydney,-33.8688,151.2093,2026-08-27T02:00,16.5,69,7.8,173,23.4,0.0,3,100,1026.9,18800.0,15.5,2026-09-02T19:29:50.682278
Sydney,-33.8688,151.2093,2026-08-27T03:00,16.7,70,7.7,169,22.0,0.1,51,67,1026.2,21120.0,15.9,2026-09-02T19:29:50.682288
Sydney,-33.8688,151.2093,2026-08-27T04:00,16.6,71,9.5,159,25.2,0.0,1,40,1025.9,28300.0,15.6,2026-09-02T19:29:50.682298
Sydney,-33.8688,151.2093,2026-08-27T05:00,16.2,72,10.4,138,27.7,0.0,0,7,1025.9,34680.0,15.0,2026-09-02T19:29:50.682308
Sydney,-33.8688,151.2093,2026-08-27T06:00,16.0,71,8.6,105,26.6,0.0,0,2,1025.5,47300.0,15.0,2026-09-02T19:29:50.682318
Sydney,-33.8688,151.2093,2026-08-27T07:00,15.6,74,7.1,84,20.9,0.0,0,2,1025.7,47280.0,14.8,2026-09-02T19:29:50.682328
Sydney,-33.8688,151.2093,2026-08-27T08:00,14.7,80,7.2,84,14.8,0.0,0,1,1026.0,47280.0,14.0,2026-09-02T19:29:50.682339
Sydney,-33.8688,151.2093,2026-08-27T09:00,14.2,82,7.2,87,14.8,0.0,0,1,1026.6,42420.0,13.5,2026-09-02T19:29:50.682350
Sydney,-33.8688,151.2093,2026-08-27T10:00,13.7,85,4.7,67,14.0,0.0,0,2,1027.0,42420.0,13.4,2026-09-02T19:29:50.682389
Sydney,-33.8688,151.2093,2026-08-27T11:00,13.3,87,2.9,60,9.0,0.0,0,0,1027.1,42400.0,13.2,2026-09-02T19:29:50.682408
Sydney,-33.8688,151.2093,2026-08-27T12:00,12.5,91,3.8,360,5.0,0.0,0,0,1027.2,38740.0,12.2,2026-09-02T19:29:50.682419
Sydney,-33.8688,151.2093,2026-08-27T13:00,11.8,94,3.9,323,8.3,0.0,0,0,1026.9,33900.0,11.5,2026-09-02T19:29:50.682429
Sydney,-33.8688,151.2093,2026-08-27T14:00,11.1,97,4.5,299,9.0,0.0,1,22,1026.6,880.0,10.6,2026-09-02T19:29:50.682439
Sydney,-33.8688,151.2093,2026-08-27T15:00,10.6,97,6.0,297,11.2,0.0,1,46,1026.4,380.0,9.8,2026-09-02T19:29:50.682449
Sydney,-33.8688,151.2093,2026-08-27T16:00,9.8,100,8.1,305,14.8,0.0,3,98,1025.9,200.0,8.6,2026-09-02T19:29:50.682461
Sydney,-33.8688,151.2093,2026-08-27T17:00,9.5,100,7.6,308,14.8,0.0,3,100,1025.5,200.0,8.3,2026-09-02T19:29:50.682471
Sydney,-33.8688,151.2093,2026-08-27T18:00,9.0,99,7.3,308,14.0,0.0,3,100,1025.5,140.0,7.6,2026-09-02T19:29:50.682481
Sydney,-33.8688,151.2093,2026-08-27T19:00,8.9,99,7.9,300,14.8,0.0,3,100,1025.5,140.0,7.4,2026-09-02T19:29:50.682492
Sydney,-33.8688,151.2093,2026-08-27T20:00,8.8,100,8.0,297,15.1,0.0,3,100,1025.9,120.0,7.2,2026-09-02T19:29:50.682503
Sydney,-33.8688,151.2093,2026-08-27T21:00,8.9,100,8.2,289,16.6,0.0,3,100,1026.6,120.0,7.4,2026-09-02T19:29:50.682523
Sydney,-33.8688,151.2093,2026-08-27T22:00,9.9,99,7.6,274,19.1,0.0,3,100,1027.4,140.0,8.7,2026-09-02T19:29:50.682535
Sydney,-33.8688,151.2093,2026-08-27T23:00,11.3,94,6.3,263,19.8,0.0,3,88,1027.6,560.0,10.5,2026-09-02T19:29:50.682546
Sydney,-33.8688,151.2093,2026-08-28T00:00,14.5,86,4.8,259,18.7,0.0,1,22,1027.9,18300.0,14.4,2026-09-02T19:29:50.682557
Sydney,-33.8688,151.2093,2026-08-28T01:00,16.6,73,5.9,252,19.4,0.0,0,0,1027.2,47120.0,17.0,2026-09-02T19:29:50.682568
Sydney,-33.8688,151.2093,2026-08-28T02:00,18.1,65,5.1,253,19.8,0.0,0,0,1026.4,51040.0,18.9,2026-09-02T19:29:50.682579
Sydney,-33.8688,151.2093,2026-08-28T03:00,18.5,60,6.7,172,19.1,0.0,0,0,1025.5,54560.0,18.8,2026-09-02T19:29:50.682591
Sydney,-33.8688,151.2093,2026-08-28T04:00,16.8,70,14.0,151,34.6,0.0,0,0,1025.3,16320.0,15.8,2026-09-02T19:29:50.682602
Sydney,-33.8688,151.2093,2026-08-28T05:00,16.4,66,14.0,157,35.3,0.0,0,0,1025.6,14340.0,14.3,2026-09-02T19:29:50.682614
Sydney,-33.8688,151.2093,2026-08-28T06:00,16.3,72,14.7,151,34.9,0.0,0,0,1025.7,47080.0,14.5,2026-09-02T19:29:50.682624
Sydney,-33.8688,151.2093,2026-08-28T07:00,15.7,77,11.0,162,33.5,0.0,0,2,1026.2,44340.0,14.6,2026-09-02T19:29:50.682641
Sydney,-33.8688,151.2093,2026-08-28T08:00,15.0,81,7.6,172,22.3,0.0,0,8,1026.7,46000.0,14.4,2026-09-02T19:29:50.682658
Sydney,-33.8688,151.2093,2026-08-28T09:00,14.6,82,9.3,188,17.3,0.0,0,17,1027.5,47060.0,13.7,2026-09-02T19:29:50.682670
Sydney,-33.8688,151.2093,2026-08-28T10:00,14.4,83,9.2,178,18.4,0.0,1,28,1028.0,41720.0,13.5,2026-09-02T19:29:50.682681
Sydney,-33.8688,151.2093,2026-08-28T11:00,14.4,83,7.3,164,17.3,0.0,2,64,1028.3,39740.0,13.8,2026-09-02T19:29:50.682693
Sydney,-33.8688,151.2093,2026-08-28T12:00,13.4,86,2.5,201,14.0,0.0,3,96,1028.6,42200.0,13.3,2026-09-02T19:29:50.682703
Sydney,-33.8688,151.2093,2026-08-28T13:00,13.0,90,4.7,230,9.0,0.0,3,99,1028.5,38540.0,12.7,2026-09-02T19:29:50.682715
Sydney,-33.8688,151.2093,2026-08-28T14:00,12.8,92,7.3,253,14.4,0.0,3,92,1028.7,33720.0,12.2,2026-09-02T19:29:50.682726
Sydney,-33.8688,151.2093,2026-08-28T15:00,12.2,95,7.0,258,14.8,0.0,3,83,1028.8,30400.0,11.5,2026-09-02T19:29:50.682738
Sydney,-33.8688,151.2093,2026-08-28T16:00,11.9,95,5.9,270,13.3,0.0,2,78,1028.3,25520.0,11.3,2026-09-02T19:29:50.682749
Sydney,-33.8688,151.2093,2026-08-28T17:00,11.4,95,8.6,278,16.6,0.0,1,33,1028.2,6220.0,10.3,2026-09-02T19:29:50.682765
Sydney,-33.8688,151.2093,2026-08-28T18:00,10.7,95,9.7,292,17.6,0.0,0,13,1028.2,3000.0,9.3,2026-09-02T19:29:50.682777
Sydney,-33.8688,151.2093,2026-08-28T19:00,10.2,97,8.9,289,18.7,0.0,1,38,1028.4,2200.0,8.8,2026-09-02T19:29:50.682788
Sydney,-33.8688,151.2093,2026-08-28T20:00,10.0,97,8.1,287,17.6,0.0,1,33,1029.0,2620.0,8.7,2026-09-02T19:29:50.682799
Sydney,-33.8688,151.2093,2026-08-28T21:00,10.1,95,8.4,281,17.3,0.0,1,27,1029.8,3120.0,8.7,2026-09-02T19:29:50.682811
Sydney,-33.8688,151.2093,2026-08-28T22:00,11.5,91,7.4,283,18.0,0.0,0,14,1030.6,16920.0,10.5,2026-09-02T19:29:50.682822
Sydney,-33.8688,151.2093,2026-08-28T23:00,13.9,80,5.8,279,17.3,0.0,0,0,1031.0,27760.0,13.2,2026-09-02T19:29:50.682833
Sydney,-33.8688,151.2093,2026-08-29T00:00,16.2,75,5.7,252,17.3,0.0,0,11,1031.1,39160.0,15.9,2026-09-02T19:29:50.682848
Sydney,-33.8688,151.2093,2026-08-29T01:00,17.4,66,5.5,199,19.1,0.0,0,19,1030.9,19400.0,17.5,2026-09-02T19:29:50.682859
Sydney,-33.8688,151.2093,2026-08-29T02:00,17.7,65,8.8,152,24.1,0.0,2,53,1030.4,15540.0,17.7,2026-09-02T19:29:50.682870
Sydney,-33.8688,151.2093,2026-08-29T03:00,16.9,72,11.0,146,29.9,0.2,51,31,1029.9,10100.0,16.5,2026-09-02T19:29:50.682928
Sydney,-33.8688,151.2093,2026-08-29T04:00,16.5,73,9.8,140,29.2,0.0,0,4,1029.3,16280.0,15.6,2026-09-02T19:29:50.682950
Sydney,-33.8688,151.2093,2026-08-29T05:00,16.7,72,8.8,145,26.3,0.0,0,2,1029.3,16100.0,15.9,2026-09-02T19:29:50.682964
Sydney,-33.8688,151.2093,2026-08-29T06:00,16.4,72,10.4,129,23.4,0.0,0,1,1028.8,44640.0,15.2,2026-09-02T19:29:50.682974
Sydney,-33.8688,151.2093,2026-08-29T07:00,15.7,75,10.6,122,25.2,0.0,0,0,1028.9,45460.0,14.5,2026-09-02T19:29:50.683014
Sydney,-33.8688,151.2093,2026-08-29T08:00,14.7,81,6.8,119,22.7,0.0,0,0,1029.5,46080.0,14.1,2026-09-02T19:29:50.683029
Sydney,-33.8688,151.2093,2026-08-29T09:00,13.9,85,4.3,112,13.3,0.0,0,2,1029.9,42020.0,13.7,2026-09-02T19:29:50.683039
Sydney,-33.8688,151.2093,2026-08-29T10:00,13.4,88,2.0,63,7.9,0.0,0,1,1030.1,42020.0,13.5,2026-09-02T19:29:50.683529
Sydney,-33.8688,151.2093,2026-08-29T11:00,12.8,92,0.4,333,4.0,0.0,0,1,1030.5,38360.0,13.2,2026-09-02T19:29:50.683589
Sydney,-33.8688,151.2093,2026-08-29T12:00,11.6,98,4.0,288,6.8,0.0,0,2,1030.8,25560.0,11.4,2026-09-02T19:29:50.683606
Sydney,-33.8688,151.2093,2026-08-29T13:00,11.2,97,5.9,282,11.2,0.0,0,1,1030.5,25560.0,10.6,2026-09-02T19:29:50.683625
Sydney,-33.8688,151.2093,2026-08-29T14:00,10.8,98,5.2,290,11.5,0.0,0,18,1030.6,1360.0,10.1,2026-09-02T19:29:50.683636
Sydney,-33.8688,151.2093,2026-08-29T15:00,10.4,99,5.0,300,10.1,0.0,1,37,1030.5,380.0,9.7,2026-09-02T19:29:50.683648
Sydney,-33.8688,151.2093,2026-08-29T16:00,10.1,99,6.1,300,11.5,0.0,1,48,1029.8,240.0,9.2,2026-09-02T19:29:50.683659
Sydney,-33.8688,151.2093,2026-08-29T17:00,9.7,99,5.9,297,12.2,0.0,3,99,1029.5,160.0,8.7,2026-09-02T19:29:50.683697
Sydney,-33.8688,151.2093,2026-08-29T18:00,9.5,99,9.0,296,14.4,0.0,3,100,1029.6,120.0,8.0,2026-09-02T19:29:50.683711
Sydney,-33.8688,151.2093,2026-08-29T19:00,9.1,100,8.5,287,17.6,0.0,3,100,1029.7,100.0,7.6,2026-09-02T19:29:50.683721
Sydney,-33.8688,151.2093,2026-08-29T20:00,9.0,100,8.5,283,17.3,0.0,3,100,1029.9,80.0,7.4,2026-09-02T19:29:50.683732
Sydney,-33.8688,151.2093,2026-08-29T21:00,9.1,99,8.0,280,18.4,0.0,3,100,1030.5,100.0,7.7,2026-09-02T19:29:50.683743
Sydney,-33.8688,151.2093,2026-08-29T22:00,9.7,100,7.7,282,20.2,0.0,3,100,1031.1,100.0,8.4,2026-09-02T19:29:50.683754
Sydney,-33.8688,151.2093,2026-08-29T23:00,11.2,96,7.7,282,20.5,0.0,3,91,1031.4,560.0,10.2,2026-09-02T19:29:50.683771
Sydney,-33.8688,151.2093,2026-08-30T00:00,14.2,88,6.5,272,21.2,0.0,1,24,1031.0,1080.0,13.9,2026-09-02T19:29:50.683787
Sydney,-33.8688,151.2093,2026-08-30T01:00,16.8,72,6.1,256,19.8,0.0,0,2,1030.5,50620.0,17.1,2026-09-02T19:29:50.683799
Sydney,-33.8688,151.2093,2026-08-30T02:00,18.6,58,3.9,214,19.4,0.0,0,0,1030.0,54140.0,19.3,2026-09-02T19:29:50.683809
Sydney,-33.8688,151.2093,2026-08-30T03:00,19.1,56,5.7,145,18.4,0.0,0,1,1029.3,9760.0,19.5,2026-09-02T19:29:50.683820
Sydney,-33.8688,151.2093,2026-08-30T04:00,18.7,59,7.9,131,22.3,0.0,0,0,1028.8,14800.0,18.4,2026-09-02T19:29:50.683831
Sydney,-33.8688,151.2093,2026-08-30T05:00,18.0,63,7.7,127,22.7,0.0,0,0,1028.8,20220.0,17.1,2026-09-02T19:29:50.683842
Sydney,-33.8688,151.2093,2026-08-30T06:00,18.0,63,6.4,128,20.9,0.0,0,0,1028.7,50580.0,17.2,2026-09-02T19:29:50.683852
Sydney,-33.8688,151.2093,2026-08-30T07:00,16.8,72,5.1,117,15.8,0.0,0,0,1028.6,50580.0,16.6,2026-09-02T19:29:50.683862
Sydney,-33.8688,151.2093,2026-08-30T08:00,14.8,82,4.2,85,11.2,0.0,0,0,1028.7,46640.0,14.7,2026-09-02T19:29:50.683873
Sydney,-33.8688,151.2093,2026-08-30T09:00,14.3,86,2.9,43,8.6,0.0,0,0,1029.4,41820.0,14.4,2026-09-02T19:29:50.683889
Sydney,-33.8688,151.2093,2026-08-30T10:00,13.5,89,3.5,325,7.2,0.0,0,0,1029.9,38180.0,13.5,2026-09-02T19:29:50.683899
Sydney,-33.8688,151.2093,2026-08-30T11:00,12.5,92,1.9,319,8.3,0.0,0,0,1030.3,38180.0,12.6,2026-09-02T19:29:50.683908
Sydney,-33.8688,151.2093,2026-08-30T12:00,11.9,94,1.9,326,3.6,0.0,0,0,1030.7,33380.0,11.8,2026-09-02T19:29:50.683918
Sydney,-33.8688,151.2093,2026-08-30T13:00,11.1,96,2.7,290,6.1,0.0,0,0,1030.8,33380.0,10.8,2026-09-02T19:29:50.683932
Sydney,-33.8688,151.2093,2026-08-30T14:00,10.6,96,3.6,297,7.9,0.0,0,0,1030.7,25420.0,10.0,2026-09-02T19:29:50.683943
Sydney,-33.8688,151.2093,2026-08-30T15:00,9.6,100,4.8,312,10.1,0.0,3,100,1030.7,180.0,8.8,2026-09-02T19:29:50.684099
Sydney,-33.8688,151.2093,2026-08-30T16:00,9.3,100,5.1,312,11.2,0.0,3,98,1030.3,140.0,8.4,2026-09-02T19:29:50.684120
Sydney,-33.8688,151.2093,2026-08-30T17:00,9.1,100,4.9,306,11.2,0.0,3,100,1029.8,140.0,8.1,2026-09-02T19:29:50.684131
Sydney,-33.8688,151.2093,2026-08-30T18:00,9.2,99,6.0,321,13.0,0.0,3,100,1029.9,140.0,8.1,2026-09-02T19:29:50.684143
Sydney,-33.8688,151.2093,2026-08-30T19:00,9.1,100,6.8,323,13.3,0.0,3,100,1029.8,160.0,7.9,2026-09-02T19:29:50.684160
Sydney,-33.8688,151.2093,2026-08-30T20:00,8.9,100,7.3,303,14.8,0.0,3,100,1030.0,160.0,7.5,2026-09-02T19:29:50.684170
Sydney,-33.8688,151.2093,2026-08-30T21:00,9.0,100,7.1,286,15.8,0.0,3,100,1030.8,180.0,7.6,2026-09-02T19:29:50.684181
Sydney,-33.8688,151.2093,2026-08-30T22:00,10.4,99,5.3,280,16.2,0.0,3,95,1031.4,240.0,9.6,2026-09-02T19:29:50.684191
Sydney,-33.8688,151.2093,2026-08-30T23:00,13.3,92,3.3,261,14.8,0.0,1,23,1031.7,8920.0,13.4,2026-09-02T19:29:50.684205
Sydney,-33.8688,151.2093,2026-08-31T00:00,16.7,76,1.5,225,13.3,0.0,0,0,1031.5,46500.0,17.2,2026-09-02T19:29:50.684217
Sydney,-33.8688,151.2093,2026-08-31T01:00,18.7,66,2.1,110,12.6,0.0,0,1,1030.9,11240.0,19.9,2026-09-02T19:29:50.684228
Sydney,-33.8688,151.2093,2026-08-31T02:00,19.3,67,6.0,85,19.1,0.0,0,2,1030.1,4780.0,20.6,2026-09-02T19:29:50.684247
Sydney,-33.8688,151.2093,2026-08-31T03:00,19.6,68,8.4,75,23.8,0.0,0,2,1029.1,50400.0,20.6,2026-09-02T19:29:50.684257
Sydney,-33.8688,151.2093,2026-08-31T04:00,19.5,66,10.1,70,26.3,0.0,0,0,1028.5,50380.0,19.7,2026-09-02T19:29:50.684266
Sydney,-33.8688,151.2093,2026-08-31T05:00,19.0,64,11.6,62,28.4,0.0,0,0,1028.4,22280.0,17.9,2026-09-02T19:29:50.684283
Sydney,-33.8688,151.2093,2026-08-31T06:00,18.6,64,10.1,59,28.4,0.0,0,0,1028.3,50360.0,17.6,2026-09-02T19:29:50.684294
Sydney,-33.8688,151.2093,2026-08-31T07:00,17.4,71,10.5,49,23.0,0.0,0,0,1028.4,46440.0,16.4,2026-09-02T19:29:50.684304
Sydney,-33.8688,151.2093,2026-08-31T08:00,15.8,81,10.9,36,21.2,0.0,0,0,1028.6,26880.0,15.0,2026-09-02T19:29:50.684314
Sydney,-33.8688,151.2093,2026-08-31T09:00,15.4,84,11.4,28,22.0,0.0,0,0,1029.1,12580.0,14.6,2026-09-02T19:29:50.684326
Sydney,-33.8688,151.2093,2026-08-31T10:00,15.1,84,11.6,21,22.3,0.0,0,0,1029.1,10520.0,14.1,2026-09-02T19:29:50.684363
Sydney,-33.8688,151.2093,2026-08-31T11:00,14.4,83,10.1,5,22.3,0.0,0,0,1029.4,11600.0,13.4,2026-09-02T19:29:50.684374
Sydney,-33.8688,151.2093,2026-08-31T12:00,13.6,80,8.6,345,19.1,0.0,0,0,1029.4,46400.0,12.4,2026-09-02T19:29:50.684385
Sydney,-33.8688,151.2093,2026-08-31T13:00,13.1,79,6.9,351,16.2,0.0,0,0,1028.9,46400.0,11.9,2026-09-02T19:29:50.684396
Sydney,-33.8688,151.2093,2026-08-31T14:00,12.8,78,6.2,350,13.7,0.0,0,0,1028.4,46380.0,11.6,2026-09-02T19:29:50.684407
Sydney,-33.8688,151.2093,2026-08-31T15:00,12.1,81,5.2,344,12.2,0.0,0,0,1028.2,46380.0,11.0,2026-09-02T19:29:50.684423
Sydney,-33.8688,151.2093,2026-08-31T16:00,11.6,83,5.0,341,9.7,0.0,0,0,1027.3,46360.0,10.6,2026-09-02T19:29:50.684435
Sydney,-33.8688,151.2093,2026-08-31T17:00,11.2,84,4.7,332,9.4,0.0,0,0,1026.6,46360.0,10.2,2026-09-02T19:29:50.684446
Sydney,-33.8688,151.2093,2026-08-31T18:00,10.8,88,4.1,322,8.6,0.0,0,0,1026.6,41560.0,9.9,2026-09-02T19:29:50.684456
Sydney,-33.8688,151.2093,2026-08-31T19:00,10.2,90,4.2,320,7.9,0.0,0,0,1026.3,37920.0,9.2,2026-09-02T19:29:50.684467
Sydney,-33.8688,151.2093,2026-08-31T20:00,9.4,95,4.4,308,8.3,0.0,0,10,1026.2,1100.0,8.4,2026-09-02T19:29:50.684478
Sydney,-33.8688,151.2093,2026-08-31T21:00,9.8,96,6.0,299,10.4,0.0,1,29,1026.7,320.0,8.7,2026-09-02T19:29:50.684489
Sydney,-33.8688,151.2093,2026-08-31T22:00,11.5,91,4.6,296,13.0,0.0,1,29,1026.8,400.0,10.9,2026-09-02T19:29:50.684499
Sydney,-33.8688,151.2093,2026-08-31T23:00,14.5,81,3.1,301,13.3,0.0,0,5,1026.3,2360.0,14.5,2026-09-02T19:29:50.684509
Sydney,-33.8688,151.2093,2026-09-01T00:00,18.6,69,2.2,24,12.6,0.0,0,0,1025.3,50220.0,19.3,2026-09-02T19:29:50.684518
Sydney,-33.8688,151.2093,2026-09-01T01:00,20.8,63,2.5,60,12.6,0.0,0,0,1024.0,50200.0,22.5,2026-09-02T19:29:50.684533
Sydney,-33.8688,151.2093,2026-09-01T02:00,21.9,61,4.4,63,16.2,0.0,0,0,1022.4,16420.0,23.8,2026-09-02T19:29:50.684544
Sydney,-33.8688,151.2093,2026-09-01T03:00,22.1,64,7.5,69,21.6,0.0,0,0,1020.9,14060.0,23.9,2026-09-02T19:29:50.684560
Sydney,-33.8688,151.2093,2026-09-01T04:00,21.9,66,9.6,67,25.6,0.0,0,0,1019.7,16780.0,23.0,2026-09-02T19:29:50.684569
Sydney,-33.8688,151.2093,2026-09-01T05:00,21.9,66,9.8,72,25.9,0.0,0,4,1019.3,21480.0,22.3,2026-09-02T19:29:50.684580
Sydney,-33.8688,151.2093,2026-09-01T06:00,22.1,73,7.3,97,24.8,0.0,0,4,1018.6,46240.0,23.5,2026-09-02T19:29:50.684590
Sydney,-33.8688,151.2093,2026-09-01T07:00,21.1,86,0.4,153,15.8,0.0,0,1,1018.4,41440.0,24.2,2026-09-02T19:29:50.684600
Sydney,-33.8688,151.2093,2026-09-01T08:00,20.7,61,8.5,298,15.1,0.0,0,0,1018.7,53660.0,20.3,2026-09-02T19:29:50.684610
Sydney,-33.8688,151.2093,2026-09-01T09:00,19.4,49,11.2,320,21.2,0.0,0,12,1019.2,57880.0,17.4,2026-09-02T19:29:50.684620
Sydney,-33.8688,151.2093,2026-09-01T10:00,18.5,52,14.9,325,28.4,0.0,1,45,1019.3,57860.0,15.9,2026-09-02T19:29:50.684630
Sydney,-33.8688,151.2093,2026-09-01T11:00,18.2,51,16.4,321,31.7,0.0,2,59,1019.2,57860.0,15.3,2026-09-02T19:29:50.684645
Sydney,-33.8688,151.2093,2026-09-01T12:00,17.6,54,14.2,339,31.7,0.0,1,43,1018.7,53620.0,15.1,2026-09-02T19:29:50.684655
Sydney,-33.8688,151.2093,2026-09-01T13:00,17.3,55,14.7,333,27.7,0.0,1,27,1018.0,53620.0,14.6,2026-09-02T19:29:50.684664
Sydney,-33.8688,151.2093,2026-09-01T14:00,17.1,55,16.8,334,32.0,0.0,0,16,1017.5,53600.0,14.1,2026-09-02T19:29:50.684673
Sydney,-33.8688,151.2093,2026-09-01T15:00,16.8,56,17.3,330,33.1,0.0,0,5,1017.1,53600.0,13.8,2026-09-02T19:29:50.684683
Sydney,-33.8688,151.2093,2026-09-01T16:00,16.7,56,18.2,327,34.6,0.0,1,32,1016.4,53580.0,13.5,2026-09-02T19:29:50.684693
Sydney,-33.8688,151.2093,2026-09-01T17:00,16.5,58,18.6,326,35.6,0.0,1,35,1016.2,53580.0,13.2,2026-09-02T19:29:50.684704
Sydney,-33.8688,151.2093,2026-09-01T18:00,17.9,53,19.2,325,35.6,0.0,3,88,1015.4,53560.0,14.6,2026-09-02T19:29:50.684714
Sydney,-33.8688,151.2093,2026-09-01T19:00,18.3,53,18.1,310,39.6,0.0,3,100,1015.9,53560.0,15.3,2026-09-02T19:29:50.684723
Sydney,-33.8688,151.2093,2026-09-01T20:00,17.2,61,9.5,261,36.4,0.2,51,82,1017.1,53560.0,15.7,2026-09-02T19:29:50.684732
Sydney,-33.8688,151.2093,2026-09-01T21:00,17.0,62,6.1,326,18.0,0.0,2,52,1016.9,53540.0,16.0,2026-09-02T19:29:50.684749
Sydney,-33.8688,151.2093,2026-09-01T22:00,19.3,54,15.0,317,29.2,0.0,0,12,1016.9,53540.0,17.0,2026-09-02T19:29:50.684760
Sydney,-33.8688,151.2093,2026-09-01T23:00,20.8,51,14.9,317,38.9,0.0,1,36,1017.0,57760.0,18.8,2026-09-02T19:29:50.684770
Sydney,-33.8688,151.2093,2026-09-02T00:00,23.3,47,15.0,339,35.6,0.0,0,0,1016.3,57740.0,21.5,2026-09-02T19:29:50.684782
Sydney,-33.8688,151.2093,2026-09-02T01:00,25.2,39,15.1,315,34.6,0.0,1,23,1015.2,67300.0,23.7,2026-09-02T19:29:50.684793
Sydney,-33.8688,151.2093,2026-09-02T02:00,26.1,33,14.6,289,36.7,0.0,0,18,1014.1,67280.0,24.3,2026-09-02T19:29:50.684803
Sydney,-33.8688,151.2093,2026-09-02T03:00,26.6,31,15.2,265,35.3,0.0,0,16,1012.8,67140.0,24.4,2026-09-02T19:29:50.684812
Sydney,-33.8688,151.2093,2026-09-02T04:00,26.2,33,17.6,268,38.9,0.0,1,32,1012.4,67260.0,23.4,2026-09-02T19:29:50.684823
Sydney,-33.8688,151.2093,2026-09-02T05:00,26.4,32,17.1,295,39.2,0.0,1,38,1012.2,67260.0,23.5,2026-09-02T19:29:50.684883
Sydney,-33.8688,151.2093,2026-09-02T06:00,25.7,35,11.6,309,36.7,0.0,0,14,1012.2,67260.0,23.7,2026-09-02T19:29:50.684901
Sydney,-33.8688,151.2093,2026-09-02T07:00,24.8,38,9.3,307,24.1,0.0,0,12,1012.1,67240.0,23.2,2026-09-02T19:29:50.684921
Sydney,-33.8688,151.2093,2026-09-02T08:00,22.7,43,8.2,302,18.4,0.0,0,4,1012.9,67240.0,21.3,2026-09-02T19:29:50.684932
Sydney,-33.8688,151.2093,2026-09-02T09:00,22.5,42,13.6,300,25.6,0.0,0,1,1013.4,67220.0,20.2,2026-09-02T19:29:50.685002
Sydney,-33.8688,151.2093,2026-09-02T10:00,22.4,43,13.5,278,32.4,0.0,0,1,1013.9,57660.0,20.1,2026-09-02T19:29:50.685015
Sydney,-33.8688,151.2093,2026-09-02T11:00,19.9,53,9.8,317,25.9,0.0,0,7,1014.4,53420.0,18.5,2026-09-02T19:29:50.685026
Sydney,-33.8688,151.2093,2026-09-02T12:00,19.3,55,12.0,339,24.5,0.0,0,7,1014.1,53420.0,17.6,2026-09-02T19:29:50.685037
Sydney,-33.8688,151.2093,2026-09-02T13:00,18.8,58,13.1,333,24.5,0.0,0,3,1013.5,53400.0,17.0,2026-09-02T19:29:50.685047
Sydney,-33.8688,151.2093,2026-09-02T14:00,18.6,60,12.7,331,27.0,0.0,0,5,1012.8,53400.0,16.9,2026-09-02T19:29:50.685058
Sydney,-33.8688,151.2093,2026-09-02T15:00,18.2,60,13.6,326,25.9,0.0,3,90,1012.5,53380.0,16.3,2026-09-02T19:29:50.685113
Sydney,-33.8688,151.2093,2026-09-02T16:00,18.6,59,13.8,323,30.6,0.0,2,73,1012.0,53380.0,16.7,2026-09-02T19:29:50.685131
Sydney,-33.8688,151.2093,2026-09-02T17:00,18.1,62,15.8,339,33.5,0.0,3,86,1011.0,49860.0,16.0,2026-09-02T19:29:50.685149
Sydney,-33.8688,151.2093,2026-09-02T18:00,17.6,67,16.3,339,32.4,0.3,51,55,1010.4,49840.0,15.6,2026-09-02T19:29:50.685160
Sydney,-33.8688,151.2093,2026-09-02T19:00,18.1,62,16.0,337,33.5,0.0,2,70,1010.1,53360.0,15.9,2026-09-02T19:29:50.685170
Sydney,-33.8688,151.2093,2026-09-02T20:00,17.9,62,12.1,348,31.3,0.0,1,25,1009.8,53340.0,16.2,2026-09-02T19:29:50.685180
Sydney,-33.8688,151.2093,2026-09-02T21:00,18.0,60,13.5,339,26.3,0.0,1,29,1010.1,53340.0,16.0,2026-09-02T19:29:50.685189
Sydney,-33.8688,151.2093,2026-09-02T22:00,19.7,55,14.5,323,32.0,0.0,0,3,1010.5,53320.0,17.7,2026-09-02T19:29:50.685197
Sydney,-33.8688,151.2093,2026-09-02T23:00,22.2,50,13.3,305,32.4,0.0,0,3,1010.7,57560.0,20.5,2026-09-02T19:29:50.685206
Sydney,-33.8688,151.2093,2026-09-03T00:00,23.1,43,17.5,268,43.2,0.0,0,7,1010.8,57540.0,20.7,2026-09-02T19:29:50.685216
Sydney,-33.8688,151.2093,2026-09-03T01:00,24.1,40,19.5,265,43.9,0.0,0,7,1010.8,67060.0,21.8,2026-09-02T19:29:50.685225
Sydney,-33.8688,151.2093,2026-09-03T02:00,24.6,33,20.7,255,48.6,0.0,0,1,1010.8,67060.0,21.8,2026-09-02T19:29:50.685235
Sydney,-33.8688,151.2093,2026-09-03T03:00,24.8,31,19.0,257,47.5,0.0,0,2,1010.7,67040.0,22.2,2026-09-02T19:29:50.685250
Sydney,-33.8688,151.2093,2026-09-03T04:00,25.0,31,16.0,261,43.6,0.0,0,2,1010.7,66920.0,22.5,2026-09-02T19:29:50.685260
Sydney,-33.8688,151.2093,2026-09-03T05:00,25.0,31,13.5,268,37.4,0.0,0,0,1010.9,66900.0,22.1,2026-09-02T19:29:50.685271
Sydney,-33.8688,151.2093,2026-09-03T06:00,24.7,31,13.3,273,31.3,0.0,0,0,1011.5,66900.0,21.8,2026-09-02T19:29:50.685281
Sydney,-33.8688,151.2093,2026-09-03T07:00,23.6,34,10.8,252,28.4,0.0,0,0,1012.6,67000.0,21.2,2026-09-02T19:29:50.685298
Sydney,-33.8688,151.2093,2026-09-03T08:00,21.7,38,13.5,227,25.6,0.0,0,0,1013.7,67000.0,18.9,2026-09-02T19:29:50.685309
Sydney,-33.8688,151.2093,2026-09-03T09:00,19.7,46,15.6,241,33.1,0.0,0,0,1015.0,57480.0,16.8,2026-09-02T19:29:50.685319
Sydney,-33.8688,151.2093,2026-09-03T10:00,18.5,50,13.6,262,31.0,0.0,0,0,1015.9,57460.0,16.0,2026-09-02T19:29:50.685328
Sydney,-33.8688,151.2093,2026-09-03T11:00,17.5,53,13.0,268,28.8,0.0,0,0,1017.0,53220.0,15.0,2026-09-02T19:29:50.685338
Sydney,-33.8688,151.2093,2026-09-03T12:00,16.5,56,16.0,253,31.7,0.0,0,0,1018.2,53200.0,13.6,2026-09-02T19:29:50.685394
Sydney,-33.8688,151.2093,2026-09-03T13:00,15.7,59,19.3,256,40.0,0.0,0,0,1018.7,53200.0,12.2,2026-09-02T19:29:50.685422
Sydney,-33.8688,151.2093,2026-09-03T14:00,15.1,60,20.4,260,42.5,0.0,0,1,1019.0,53180.0,11.4,2026-09-02T19:29:50.685468
Sydney,-33.8688,151.2093,2026-09-03T15:00,14.7,62,18.9,260,42.5,0.0,0,1,1019.2,49660.0,11.2,2026-09-02T19:29:50.685481
Sydney,-33.8688,151.2093,2026-09-03T16:00,14.4,63,16.7,251,38.9,0.0,0,0,1019.2,49660.0,11.2,2026-09-02T19:29:50.685492
Sydney,-33.8688,151.2093,2026-09-03T17:00,14.0,64,16.0,245,34.6,0.0,0,0,1018.8,49660.0,10.9,2026-09-02T19:29:50.685502
Sydney,-33.8688,151.2093,2026-09-03T18:00,13.7,65,13.0,244,32.4,0.0,0,0,1019.0,49640.0,11.0,2026-09-02T19:29:50.685512
Sydney,-33.8688,151.2093,2026-09-03T19:00,13.3,68,11.3,253,26.6,0.0,0,0,1019.8,49640.0,10.9,2026-09-02T19:29:50.685523
Sydney,-33.8688,151.2093,2026-09-03T20:00,12.7,71,10.0,261,22.7,0.0,0,0,1020.3,49620.0,10.6,2026-09-02T19:29:50.685532
Sydney,-33.8688,151.2093,2026-09-03T21:00,13.0,72,10.1,264,20.2,0.0,0,0,1021.0,45720.0,10.9,2026-09-02T19:29:50.685541
Sydney,-33.8688,151.2093,2026-09-03T22:00,14.5,67,9.2,266,21.2,0.0,0,0,1021.7,49600.0,12.7,2026-09-02T19:29:50.685550
Sydney,-33.8688,151.2093,2026-09-03T23:00,16.5,59,9.7,267,24.8,0.0,0,0,1021.6,53120.0,14.7,2026-09-02T19:29:50.685566
Sydney,-33.8688,151.2093,2026-09-04T00:00,18.1,53,9.0,264,26.3,0.0,0,0,1021.1,53100.0,16.5,2026-09-02T19:29:50.685577
Sydney,-33.8688,151.2093,2026-09-04T01:00,19.4,46,6.5,273,24.8,0.0,0,0,1020.2,57340.0,18.7,2026-09-02T19:29:50.685586
Sydney,-33.8688,151.2093,2026-09-04T02:00,20.6,41,6.2,285,21.2,0.0,0,0,1019.4,66840.0,20.2,2026-09-02T19:29:50.685597
Sydney,-33.8688,151.2093,2026-09-04T03:00,21.5,37,3.6,342,21.2,0.0,0,0,1018.1,66820.0,21.4,2026-09-02T19:29:50.685608
Sydney,-33.8688,151.2093,2026-09-04T04:00,21.1,44,9.7,59,25.9,0.0,0,0,1017.2,57320.0,20.0,2026-09-02T19:29:50.685618
Sydney,-33.8688,151.2093,2026-09-04T05:00,20.2,52,14.6,57,35.6,0.0,0,0,1016.8,53060.0,18.0,2026-09-02T19:29:50.685629
Sydney,-33.8688,151.2093,2026-09-04T06:00,19.1,55,14.5,45,36.7,0.0,0,0,1016.8,53060.0,16.9,2026-09-02T19:29:50.685638
Sydney,-33.8688,151.2093,2026-09-04T07:00,18.4,60,12.6,42,33.8,0.0,0,0,1016.6,53040.0,16.7,2026-09-02T19:29:50.685648
Sydney,-33.8688,151.2093,2026-09-04T08:00,17.6,68,13.7,44,27.7,0.0,0,0,1016.8,49520.0,16.0,2026-09-02T19:29:50.685657
Sydney,-33.8688,151.2093,2026-09-04T09:00,17.2,72,12.3,32,27.4,0.0,0,1,1017.4,45620.0,16.0,2026-09-02T19:29:50.685675
Sydney,-33.8688,151.2093,2026-09-04T10:00,16.8,75,8.5,13,24.8,0.0,0,1,1017.8,45600.0,16.2,2026-09-02T19:29:50.685686
Sydney,-33.8688,151.2093,2026-09-04T11:00,15.7,78,5.2,268,16.9,0.0,0,15,1018.6,45600.0,15.5,2026-09-02T19:29:50.685697
Sydney,-33.8688,151.2093,2026-09-04T12:00,15.5,76,5.3,288,13.0,0.0,1,34,1018.9,45580.0,15.1,2026-09-02T19:29:50.685707
Sydney,-33.8688,151.2093,2026-09-04T13:00,15.5,74,5.9,301,13.3,0.0,1,29,1018.4,49480.0,14.9,2026-09-02T19:29:50.685719
Sydney,-33.8688,151.2093,2026-09-04T14:00,14.8,76,6.0,311,11.5,0.0,1,33,1017.9,45580.0,14.1,2026-09-02T19:29:50.685730
Sydney,-33.8688,151.2093,2026-09-04T15:00,14.4,77,6.3,336,14.4,0.0,0,16,1017.5,45560.0,13.6,2026-09-02T19:29:50.685742
Sydney,-33.8688,151.2093,2026-09-04T16:00,14.2,74,7.9,347,15.5,0.0,1,21,1016.5,45560.0,13.0,2026-09-02T19:29:50.685753
Sydney,-33.8688,151.2093,2026-09-04T17:00,14.1,73,6.1,317,15.5,0.0,1,45,1015.7,49440.0,13.0,2026-09-02T19:29:50.685764
Sydney,-33.8688,151.2093,2026-09-04T18:00,14.4,71,7.2,321,13.7,0.0,1,46,1014.9,49440.0,13.1,2026-09-02T19:29:50.685775
Sydney,-33.8688,151.2093,2026-09-04T19:00,14.8,68,9.0,334,17.3,0.0,0,6,1014.7,49420.0,13.2,2026-09-02T19:29:50.685792
Sydney,-33.8688,151.2093,2026-09-04T20:00,14.9,64,10.0,343,19.4,0.0,1,32,1014.3,49420.0,13.0,2026-09-02T19:29:50.685803
Sydney,-33.8688,151.2093,2026-09-04T21:00,16.1,58,13.2,338,25.6,0.0,0,12,1014.0,52920.0,13.6,2026-09-02T19:29:50.688730
Sydney,-33.8688,151.2093,2026-09-04T22:00,18.6,52,14.1,357,29.5,0.0,0,11,1013.6,52920.0,16.2,2026-09-02T19:29:50.688751
Sydney,-33.8688,151.2093,2026-09-04T23:00,20.9,46,13.7,358,30.2,0.0,1,33,1012.8,57160.0,18.6,2026-09-02T19:29:50.688765
Sydney,-33.8688,151.2093,2026-09-05T00:00,23.9,39,16.2,348,35.3,0.0,0,5,1011.2,66620.0,21.2,2026-09-02T19:29:50.688776
Sydney,-33.8688,151.2093,2026-09-05T01:00,27.4,32,22.0,336,47.5,0.0,0,4,1009.7,66620.0,24.6,2026-09-02T19:29:50.688789
Sydney,-33.8688,151.2093,2026-09-05T02:00,29.1,28,30.0,318,63.4,0.0,3,98,1008.6,66480.0,25.2,2026-09-02T19:29:50.688800
Sydney,-33.8688,151.2093,2026-09-05T03:00,28.7,27,30.3,322,66.2,0.0,1,21,1007.1,66460.0,23.7,2026-09-02T19:29:50.688812
Sydney,-33.8688,151.2093,2026-09-05T04:00,30.0,26,28.9,312,65.5,0.0,1,33,1006.0,66460.0,25.7,2026-09-02T19:29:50.688823
Sydney,-33.8688,151.2093,2026-09-05T05:00,29.3,26,27.7,283,69.1,0.0,0,16,1006.3,9780.0,24.7,2026-09-02T19:29:50.688848
Sydney,-33.8688,151.2093,2026-09-05T06:00,27.8,31,28.1,297,60.1,0.0,2,52,1006.7,66560.0,23.5,2026-09-02T19:29:50.688859
Sydney,-33.8688,151.2093,2026-09-05T07:00,25.8,36,27.3,319,63.7,0.0,3,82,1006.8,66560.0,21.7,2026-09-02T19:29:50.688876
Sydney,-33.8688,151.2093,2026-09-05T08:00,23.5,45,20.6,330,57.6,0.0,1,33,1006.2,57080.0,20.8,2026-09-02T19:29:50.688890
Sydney,-33.8688,151.2093,2026-09-05T09:00,22.8,47,20.6,322,42.8,0.0,0,2,1006.8,57080.0,20.0,2026-09-02T19:29:50.688906
Sydney,-33.8688,151.2093,2026-09-05T10:00,22.8,45,18.4,309,42.5,0.0,0,13,1007.7,57060.0,20.2,2026-09-02T19:29:50.688918
Sydney,-33.8688,151.2093,2026-09-05T11:00,22.8,45,16.2,282,37.1,0.0,0,10,1008.5,57060.0,20.5,2026-09-02T19:29:50.688930
Sydney,-33.8688,151.2093,2026-09-05T12:00,21.8,44,19.5,251,40.7,0.0,1,45,1009.7,57060.0,18.7,2026-09-02T19:29:50.688940
Sydney,-33.8688,151.2093,2026-09-05T13:00,20.1,49,22.2,252,45.7,0.0,0,5,1010.4,57040.0,16.6,2026-09-02T19:29:50.689016
Sydney,-33.8688,151.2093,2026-09-05T14:00,18.6,47,21.0,247,47.9,0.0,0,3,1011.3,57040.0,14.8,2026-09-02T19:29:50.689038
Sydney,-33.8688,151.2093,2026-09-05T15:00,17.4,50,20.1,247,43.6,0.0,0,2,1011.9,57020.0,13.6,2026-09-02T19:29:50.689060
Sydney,-33.8688,151.2093,2026-09-05T16:00,16.4,49,23.4,264,47.5,0.0,0,2,1011.4,57020.0,11.9,2026-09-02T19:29:50.689072
Sydney,-33.8688,151.2093,2026-09-05T17:00,15.5,50,26.8,270,55.8,0.0,0,5,1010.7,57020.0,10.4,2026-09-02T19:29:50.689083
Sydney,-33.8688,151.2093,2026-09-05T18:00,15.0,52,23.5,265,56.5,0.0,0,6,1011.4,52740.0,10.3,2026-09-02T19:29:50.689094
Sydney,-33.8688,151.2093,2026-09-05T19:00,14.4,55,10.6,238,48.2,0.0,0,3,1013.2,52740.0,11.7,2026-09-02T19:29:50.689105
Sydney,-33.8688,151.2093,2026-09-05T20:00,13.7,58,7.4,252,20.9,0.0,0,3,1014.5,52720.0,11.5,2026-09-02T19:29:50.689116
Sydney,-33.8688,151.2093,2026-09-05T21:00,13.8,60,8.1,246,14.8,0.0,0,2,1015.6,52720.0,11.7,2026-09-02T19:29:50.689128
Sydney,-33.8688,151.2093,2026-09-05T22:00,15.4,50,10.8,244,25.2,0.0,0,1,1016.7,56980.0,12.6,2026-09-02T19:29:50.689139
Sydney,-33.8688,151.2093,2026-09-05T23:00,16.6,44,14.0,254,33.5,0.0,0,1,1017.0,56960.0,13.2,2026-09-02T19:29:50.689151
Sydney,-33.8688,151.2093,2026-09-06T00:00,18.1,40,14.2,249,35.6,0.0,0,0,1016.9,66400.0,14.9,2026-09-02T19:29:50.689163
Sydney,-33.8688,151.2093,2026-09-06T01:00,19.9,36,11.8,232,35.6,0.0,0,0,1016.6,66380.0,17.8,2026-09-02T19:29:50.689181
Sydney,-33.8688,151.2093,2026-09-06T02:00,20.8,35,7.8,172,31.3,0.0,0,0,1016.3,66380.0,19.8,2026-09-02T19:29:50.689192
Sydney,-33.8688,151.2093,2026-09-06T03:00,20.7,37,10.7,135,30.2,0.0,0,0,1016.0,66360.0,19.4,2026-09-02T19:29:50.689205
Sydney,-33.8688,151.2093,2026-09-06T04:00,20.2,37,13.5,137,35.6,0.0,0,0,1015.9,66360.0,17.8,2026-09-02T19:29:50.689215
Sydney,-33.8688,151.2093,2026-09-06T05:00,19.7,40,15.8,143,38.5,0.0,0,0,1016.3,66340.0,16.5,2026-09-02T19:29:50.689226
Sydney,-33.8688,151.2093,2026-09-06T06:00,18.9,48,16.8,155,40.3,0.0,0,0,1016.8,56900.0,15.7,2026-09-02T19:29:50.689237
Sydney,-33.8688,151.2093,2026-09-06T07:00,18.0,54,14.2,148,41.8,0.0,0,0,1017.4,54300.0,15.5,2026-09-02T19:29:50.689249
Sydney,-33.8688,151.2093,2026-09-06T08:00,17.1,62,10.4,129,41.8,0.0,0,0,1018.1,51720.0,15.5,2026-09-02T19:29:50.689259
Sydney,-33.8688,151.2093,2026-09-06T09:00,16.3,69,7.9,106,39.2,0.0,0,0,1018.8,49120.0,15.3,2026-09-02T19:29:50.689270
Sydney,-33.8688,151.2093,2026-09-06T10:00,15.7,74,5.1,98,32.4,0.0,0,0,1019.5,47820.0,15.3,2026-09-02T19:29:50.689280
Sydney,-33.8688,151.2093,2026-09-06T11:00,15.2,78,1.3,106,23.0,0.0,0,1,1020.1,46500.0,15.4,2026-09-02T19:29:50.689295
Sydney,-33.8688,151.2093,2026-09-06T12:00,14.7,81,1.6,264,15.5,0.0,0,5,1020.5,45200.0,14.8,2026-09-02T19:29:50.689305
Sydney,-33.8688,151.2093,2026-09-06T13:00,14.1,83,3.1,277,11.9,0.0,0,16,1020.5,42420.0,14.1,2026-09-02T19:29:50.689315
Sydney,-33.8688,151.2093,2026-09-06T14:00,13.5,85,4.1,283,10.8,0.0,1,31,1020.2,39640.0,13.2,2026-09-02T19:29:50.689325
Sydney,-33.8688,151.2093,2026-09-06T15:00,13.0,87,4.7,286,10.1,0.0,1,40,1019.8,36860.0,12.5,2026-09-02T19:29:50.689335
Sydney,-33.8688,151.2093,2026-09-06T16:00,12.4,89,5.2,286,10.1,0.0,1,37,1019.3,35300.0,11.9,2026-09-02T19:29:50.689348
Sydney,-33.8688,151.2093,2026-09-06T17:00,11.9,91,5.6,287,10.8,0.0,1,29,1018.7,33740.0,11.3,2026-09-02T19:29:50.689360
Sydney,-33.8688,151.2093,2026-09-06T18:00,11.6,93,6.0,287,11.9,0.0,1,24,1018.5,32180.0,10.8,2026-09-02T19:29:50.689371
Sydney,-33.8688,151.2093,2026-09-06T19:00,11.4,93,7.0,288,13.0,0.0,1,25,1019.0,33720.0,10.4,2026-09-02T19:29:50.689381
Sydney,-33.8688,151.2093,2026-09-06T20:00,11.4,91,8.1,288,14.4,0.0,1,29,1019.8,35280.0,10.2,2026-09-02T19:29:50.689390
Sydney,-33.8688,151.2093,2026-09-06T21:00,11.9,87,8.2,285,15.8,0.0,1,34,1020.3,36820.0,10.7,2026-09-02T19:29:50.689405
Sydney,-33.8688,151.2093,2026-09-06T22:00,13.6,78,6.7,273,16.2,0.0,1,41,1020.2,40880.0,12.5,2026-09-02T19:29:50.689416
Sydney,-33.8688,151.2093,2026-09-06T23:00,15.8,67,5.0,244,16.6,0.0,2,50,1019.7,44920.0,15.0,2026-09-02T19:29:50.689426
Sydney,-33.8688,151.2093,2026-09-07T00:00,17.6,61,4.4,201,18.0,0.0,2,58,1019.1,48980.0,16.9,2026-09-02T19:29:50.689436
Sydney,-33.8688,151.2093,2026-09-07T01:00,18.3,60,5.2,149,21.6,0.0,2,67,1018.2,35780.0,18.0,2026-09-02T19:29:50.689450
Sydney,-33.8688,151.2093,2026-09-07T02:00,18.6,62,8.6,119,26.6,0.0,2,75,1017.1,22580.0,18.1,2026-09-02T19:29:50.689460
Sydney,-33.8688,151.2093,2026-09-07T03:00,18.5,64,11.8,115,31.3,0.0,2,75,1016.4,9380.0,17.5,2026-09-02T19:29:50.689470
Sydney,-33.8688,151.2093,2026-09-07T04:00,18.0,65,13.6,130,35.6,0.6,53,58,1016.5,18920.0,16.4,2026-09-02T19:29:50.689481
Sydney,-33.8688,151.2093,2026-09-07T05:00,17.2,66,15.9,148,39.6,0.6,53,32,1016.9,28480.0,15.1,2026-09-02T19:29:50.689492
Sydney,-33.8688,151.2093,2026-09-07T06:00,16.5,67,18.7,159,43.2,0.6,53,13,1017.6,38020.0,13.9,2026-09-02T19:29:50.689501
Sydney,-33.8688,151.2093,2026-09-07T07:00,16.0,68,20.6,164,45.7,0.0,0,8,1018.4,30100.0,13.0,2026-09-02T19:29:50.689517
Sydney,-33.8688,151.2093,2026-09-07T08:00,15.6,68,21.6,167,47.5,0.0,0,11,1019.5,22180.0,12.4,2026-09-02T19:29:50.689529
Sydney,-33.8688,151.2093,2026-09-07T09:00,15.3,69,21.9,170,48.6,0.0,0,17,1020.4,14260.0,11.9,2026-09-02T19:29:50.689541
Sydney,-33.8688,151.2093,2026-09-07T10:00,15.0,70,21.2,174,48.2,0.0,1,30,1021.2,13080.0,11.7,2026-09-02T19:29:50.689551
Sydney,-33.8688,151.2093,2026-09-07T11:00,14.7,72,19.8,180,46.8,0.0,1,47,1021.9,11900.0,11.7,2026-09-02T19:29:50.689562
Sydney,-33.8688,151.2093,2026-09-07T12:00,14.4,74,18.3,186,45.4,0.0,2,55,1022.4,10720.0,11.7,2026-09-02T19:29:50.689577
Sydney,-33.8688,151.2093,2026-09-07T13:00,14.2,75,16.6,195,44.3,0.0,1,45,1022.6,12720.0,11.7,2026-09-02T19:29:50.689589
Sydney,-33.8688,151.2093,2026-09-07T14:00,13.9,75,15.2,206,43.2,0.0,1,27,1022.6,14720.0,11.6,2026-09-02T19:29:50.689599
Sydney,-33.8688,151.2093,2026-09-07T15:00,13.6,76,14.5,215,41.8,0.0,0,16,1022.5,16720.0,11.3,2026-09-02T19:29:50.689609
Sydney,-33.8688,151.2093,2026-09-07T16:00,13.3,77,14.5,217,39.6,0.0,1,21,1022.4,16280.0,11.0,2026-09-02T19:29:50.689618
Sydney,-33.8688,151.2093,2026-09-07T17:00,12.9,78,14.7,215,37.1,0.0,1,33,1022.3,15860.0,10.5,2026-09-02T19:29:50.689842
Sydney,-33.8688,151.2093,2026-09-07T18:00,12.6,79,14.9,215,34.9,0.0,1,45,1022.4,15420.0,10.2,2026-09-02T19:29:50.689867
Sydney,-33.8688,151.2093,2026-09-07T19:00,12.3,79,14.7,219,33.1,0.1,51,56,1023.0,13280.0,9.8,2026-09-02T19:29:50.689878
Sydney,-33.8688,151.2093,2026-09-07T20:00,12.0,80,14.5,224,32.0,0.1,51,66,1023.8,11140.0,9.5,2026-09-02T19:29:50.689888
Sydney,-33.8688,151.2093,2026-09-07T21:00,12.1,79,14.3,223,32.0,0.1,51,73,1024.5,9000.0,9.7,2026-09-02T19:29:50.689899
Sydney,-33.8688,151.2093,2026-09-07T22:00,13.0,77,14.3,209,34.2,0.1,51,74,1025.0,9640.0,10.6,2026-09-02T19:29:50.689910
Sydney,-33.8688,151.2093,2026-09-07T23:00,14.2,73,15.4,191,37.4,0.1,51,70,1025.4,10300.0,11.8,2026-09-02T19:29:50.689931
Sydney,-33.8688,151.2093,2026-09-08T00:00,15.3,69,16.9,179,40.0,0.1,51,65,1025.5,10940.0,12.7,2026-09-02T19:29:50.689942
Sydney,-33.8688,151.2093,2026-09-08T01:00,15.9,67,16.8,175,40.7,0.1,51,58,1025.2,23540.0,13.4,2026-09-02T19:29:50.689948
Sydney,-33.8688,151.2093,2026-09-08T02:00,16.2,66,15.8,173,40.7,0.1,51,49,1024.6,36160.0,14.0,2026-09-02T19:29:50.689954
Sydney,-33.8688,151.2093,2026-09-08T03:00,16.4,65,14.2,171,40.3,0.1,51,40,1024.1,48760.0,14.5,2026-09-02T19:29:50.689964
Sydney,-33.8688,151.2093,2026-09-08T04:00,16.3,66,12.7,165,39.6,0.0,1,32,1023.8,47540.0,14.6,2026-09-02T19:29:50.689969
Sydney,-33.8688,151.2093,2026-09-08T05:00,16.1,67,10.8,159,37.8,0.0,1,24,1023.6,46340.0,14.5,2026-09-02T19:29:50.689976
Sydney,-33.8688,151.2093,2026-09-08T06:00,15.7,70,8.8,149,35.6,0.0,0,17,1023.5,45120.0,14.5,2026-09-02T19:29:50.689981
Sydney,-33.8688,151.2093,2026-09-08T07:00,15.2,73,6.0,131,32.0,0.0,0,10,1023.6,44600.0,14.5,2026-09-02T19:29:50.689987
Sydney,-33.8688,151.2093,2026-09-08T08:00,14.6,78,4.1,88,27.4,0.0,0,5,1023.8,44080.0,14.2,2026-09-02T19:29:50.689993
Sydney,-33.8688,151.2093,2026-09-08T09:00,14.0,83,4.5,47,23.0,0.0,0,1,1024.1,43560.0,13.6,2026-09-02T19:29:50.689999
Sydney,-33.8688,151.2093,2026-09-08T10:00,13.7,82,0.4,243,18.0,0.0,0,2,1024.6,41220.0,13.8,2026-09-02T19:29:50.690004
Sydney,-33.8688,151.2093,2026-09-08T11:00,13.1,86,2.3,302,14.0,0.0,0,2,1025.0,38880.0,12.9,2026-09-02T19:29:50.690010
Sydney,-33.8688,151.2093,2026-09-08T12:00,12.6,89,3.7,305,11.2,0.0,0,5,1025.2,36540.0,12.2,2026-09-02T19:29:50.690016
Sydney,-33.8688,151.2093,2026-09-08T13:00,12.1,91,4.7,302,9.7,0.0,0,13,1025.2,30500.0,11.6,2026-09-02T19:29:50.690041
Sydney,-33.8688,151.2093,2026-09-08T14:00,11.6,93,5.5,297,9.7,0.0,1,24,1025.1,24460.0,10.9,2026-09-02T19:29:50.690047
Sydney,-33.8688,151.2093,2026-09-08T15:00,11.1,95,6.0,291,10.1,0.0,1,38,1025.0,18420.0,10.3,2026-09-02T19:29:50.690068
Sydney,-33.8688,151.2093,2026-09-08T16:00,10.7,96,6.3,283,10.8,0.0,2,53,1024.9,12360.0,9.8,2026-09-02T19:29:50.690075
Sydney,-33.8688,151.2093,2026-09-08T17:00,10.5,97,6.5,275,12.2,0.0,2,66,1024.9,6320.0,9.5,2026-09-02T19:29:50.690081
Sydney,-33.8688,151.2093,2026-09-08T18:00,10.5,97,6.5,265,13.7,0.0,2,76,1025.1,280.0,9.5,2026-09-02T19:29:50.690087
Sydney,-33.8688,151.2093,2026-09-08T19:00,10.8,96,6.4,252,15.5,0.1,51,83,1025.6,1220.0,9.9,2026-09-02T19:29:50.690093
Sydney,-33.8688,151.2093,2026-09-08T20:00,11.5,94,6.6,235,17.6,0.1,51,89,1026.3,2140.0,10.7,2026-09-02T19:29:50.690099
Sydney,-33.8688,151.2093,2026-09-08T21:00,12.4,91,7.3,218,20.2,0.1,51,94,1027.1,3080.0,11.6,2026-09-02T19:29:50.690105
Sydney,-33.8688,151.2093,2026-09-08T22:00,13.2,89,8.6,203,22.7,0.1,51,98,1027.9,4000.0,12.4,2026-09-02T19:29:50.690111
Sydney,-33.8688,151.2093,2026-09-08T23:00,14.0,85,10.2,193,25.6,0.1,51,100,1028.7,4920.0,13.0,2026-09-02T19:29:50.690121
Paris,48.8566,2.3522,2026-08-23T00:00,17.0,66,9.5,37,20.2,0.0,2,44,1023.5,38180.0,15.8,2026-09-02T19:29:50.885377
Paris,48.8566,2.3522,2026-08-23T01:00,16.3,68,8.7,38,21.2,0.0,2,43,1023.6,37620.0,15.1,2026-09-02T19:29:50.885395
Paris,48.8566,2.3522,2026-08-23T02:00,15.8,69,8.2,38,18.4,0.0,2,49,1023.6,37000.0,14.6,2026-09-02T19:29:50.885402
Paris,48.8566,2.3522,2026-08-23T03:00,15.3,70,8.7,38,18.0,0.0,1,50,1023.4,36640.0,14.0,2026-09-02T19:29:50.885408
Paris,48.8566,2.3522,2026-08-23T04:00,14.7,73,7.2,37,18.4,0.0,1,29,1023.3,35520.0,13.7,2026-09-02T19:29:50.885414
Paris,48.8566,2.3522,2026-08-23T05:00,14.3,74,5.8,30,14.8,0.0,1,10,1023.5,34800.0,13.4,2026-09-02T19:29:50.885419
Paris,48.8566,2.3522,2026-08-23T06:00,14.4,73,7.7,37,15.8,0.0,1,35,1023.4,35100.0,13.2,2026-09-02T19:29:50.885425
Paris,48.8566,2.3522,2026-08-23T07:00,15.1,68,8.9,40,19.4,0.0,3,95,1024.0,37080.0,13.6,2026-09-02T19:29:50.885430
Paris,48.8566,2.3522,2026-08-23T08:00,16.6,61,10.4,44,22.7,0.0,3,98,1024.4,39200.0,14.8,2026-09-02T19:29:50.885436
Paris,48.8566,2.3522,2026-08-23T09:00,18.8,56,11.7,47,26.6,0.0,3,100,1024.3,40240.0,17.0,2026-09-02T19:29:50.885446
Paris,48.8566,2.3522,2026-08-23T10:00,20.5,47,12.0,51,26.3,0.0,2,67,1023.7,41280.0,19.0,2026-09-02T19:29:50.885452
Paris,48.8566,2.3522,2026-08-23T11:00,21.8,42,12.7,47,28.1,0.0,2,57,1023.5,42040.0,20.6,2026-09-02T19:29:50.885458
Paris,48.8566,2.3522,2026-08-23T12:00,22.9,38,11.8,52,29.2,0.0,0,100,1023.0,42860.0,21.9,2026-09-02T19:29:50.885464
Paris,48.8566,2.3522,2026-08-23T13:00,23.6,36,12.5,49,27.7,0.0,1,18,1022.3,43360.0,22.2,2026-09-02T19:29:50.885469
Paris,48.8566,2.3522,2026-08-23T14:00,24.2,33,13.5,46,29.5,0.0,1,59,1021.9,44280.0,22.5,2026-09-02T19:29:50.885475
Paris,48.8566,2.3522,2026-08-23T15:00,24.0,33,13.8,39,30.6,0.0,0,95,1021.6,44440.0,21.6,2026-09-02T19:29:50.885480
Paris,48.8566,2.3522,2026-08-23T16:00,24.0,29,14.0,48,30.6,0.0,0,0,1021.0,46800.0,20.7,2026-09-02T19:29:50.885486
Paris,48.8566,2.3522,2026-08-23T17:00,23.5,28,13.4,54,29.9,0.0,1,5,1021.0,47700.0,20.1,2026-09-02T19:29:50.885492
Paris,48.8566,2.3522,2026-08-23T18:00,23.3,30,12.4,60,28.4,0.0,0,0,1020.6,46860.0,20.2,2026-09-02T19:29:50.885498
Paris,48.8566,2.3522,2026-08-23T19:00,22.1,37,12.0,46,27.4,0.0,1,33,1020.6,43740.0,19.5,2026-09-02T19:29:50.885506
Paris,48.8566,2.3522,2026-08-23T20:00,20.8,40,13.8,41,29.9,0.0,2,80,1021.1,43040.0,17.9,2026-09-02T19:29:50.885512
Paris,48.8566,2.3522,2026-08-23T21:00,20.0,41,13.5,44,29.5,0.0,3,91,1021.0,42680.0,17.1,2026-09-02T19:29:50.885518
Paris,48.8566,2.3522,2026-08-23T22:00,19.0,45,10.9,46,27.7,0.0,2,55,1021.0,41960.0,16.6,2026-09-02T19:29:50.885523
Paris,48.8566,2.3522,2026-08-23T23:00,18.0,49,10.0,41,24.1,0.0,2,44,1021.2,41480.0,15.8,2026-09-02T19:29:50.885529
Paris,48.8566,2.3522,2026-08-24T00:00,17.7,47,12.0,51,23.0,0.0,3,100,1020.3,41640.0,15.0,2026-09-02T19:29:50.885535
Paris,48.8566,2.3522,2026-08-24T01:00,17.2,50,10.3,54,25.2,0.0,3,100,1019.8,41320.0,14.8,2026-09-02T19:29:50.885540
Paris,48.8566,2.3522,2026-08-24T02:00,16.8,53,9.7,45,22.3,0.0,3,100,1019.3,40900.0,14.6,2026-09-02T19:29:50.885546
Paris,48.8566,2.3522,2026-08-24T03:00,16.8,54,9.0,53,22.0,0.0,3,100,1018.5,40700.0,14.8,2026-09-02T19:29:50.885551
Paris,48.8566,2.3522,2026-08-24T04:00,16.5,56,7.3,57,18.4,0.0,3,100,1018.3,40580.0,14.8,2026-09-02T19:29:50.885557
Paris,48.8566,2.3522,2026-08-24T05:00,16.3,56,8.3,56,18.7,0.0,3,100,1018.3,40520.0,14.4,2026-09-02T19:29:50.885566
Paris,48.8566,2.3522,2026-08-24T06:00,16.4,54,10.1,63,20.9,0.0,3,100,1017.7,40720.0,14.2,2026-09-02T19:29:50.885572
Paris,48.8566,2.3522,2026-08-24T07:00,16.8,52,11.6,64,24.8,0.0,3,100,1017.2,40940.0,14.3,2026-09-02T19:29:50.885577
Paris,48.8566,2.3522,2026-08-24T08:00,17.8,50,11.4,79,24.1,0.0,3,100,1017.4,41200.0,15.4,2026-09-02T19:29:50.885583
Paris,48.8566,2.3522,2026-08-24T09:00,18.9,47,10.5,74,25.2,0.0,3,100,1017.4,41540.0,16.6,2026-09-02T19:29:50.885589
Paris,48.8566,2.3522,2026-08-24T10:00,20.5,43,12.7,65,27.4,0.0,3,93,1015.8,42000.0,18.0,2026-09-02T19:29:50.885594
Paris,48.8566,2.3522,2026-08-24T11:00,22.1,41,13.2,68,30.6,0.0,2,76,1015.3,42300.0,20.2,2026-09-02T19:29:50.885600
Paris,48.8566,2.3522,2026-08-24T12:00,23.9,38,14.5,71,31.3,0.0,2,52,1014.3,42920.0,22.3,2026-09-02T19:29:50.885605
Paris,48.8566,2.3522,2026-08-24T13:00,25.1,36,13.8,81,32.8,0.0,2,75,1013.4,43320.0,23.7,2026-09-02T19:29:50.885611
Paris,48.8566,2.3522,2026-08-24T14:00,25.8,35,14.3,72,31.3,0.0,2,71,1013.0,43800.0,23.9,2026-09-02T19:29:50.885616
Paris,48.8566,2.3522,2026-08-24T15:00,26.9,33,13.6,79,31.7,0.0,2,38,1011.8,44540.0,24.7,2026-09-02T19:29:50.885625
Paris,48.8566,2.3522,2026-08-24T16:00,26.7,32,14.9,82,31.7,0.0,3,100,1010.8,44980.0,24.1,2026-09-02T19:29:50.885631
Paris,48.8566,2.3522,2026-08-24T17:00,25.6,34,14.4,86,31.0,0.0,3,100,1010.4,44460.0,23.1,2026-09-02T19:29:50.885637
Paris,48.8566,2.3522,2026-08-24T18:00,24.8,34,14.9,82,30.6,0.0,3,100,1010.7,44960.0,22.1,2026-09-02T19:29:50.885642
Paris,48.8566,2.3522,2026-08-24T19:00,23.9,35,12.1,80,31.0,0.0,3,100,1010.9,44500.0,21.4,2026-09-02T19:29:50.885648
Paris,48.8566,2.3522,2026-08-24T20:00,23.1,40,10.6,72,25.9,0.0,3,100,1010.8,43100.0,21.2,2026-09-02T19:29:50.885654
Paris,48.8566,2.3522,2026-08-24T21:00,21.6,45,10.8,75,23.0,0.0,3,100,1010.7,42020.0,19.8,2026-09-02T19:29:50.885659
Paris,48.8566,2.3522,2026-08-24T22:00,20.8,49,9.3,74,22.7,0.0,3,100,1010.3,41400.0,19.3,2026-09-02T19:29:50.885665
Paris,48.8566,2.3522,2026-08-24T23:00,20.1,53,8.4,80,19.8,0.0,3,100,1010.6,40960.0,19.0,2026-09-02T19:29:50.885671
Paris,48.8566,2.3522,2026-08-25T00:00,20.0,54,10.5,68,16.6,0.0,3,100,1009.9,40820.0,18.6,2026-09-02T19:29:50.885676
Paris,48.8566,2.3522,2026-08-25T01:00,19.5,56,7.9,66,20.5,0.0,3,100,1009.7,40460.0,18.5,2026-09-02T19:29:50.885685
Paris,48.8566,2.3522,2026-08-25T02:00,19.1,59,5.4,90,14.4,0.0,3,100,1010.4,40000.0,18.6,2026-09-02T19:29:50.885691
Paris,48.8566,2.3522,2026-08-25T03:00,18.6,62,5.9,38,10.4,0.0,3,100,1009.9,39300.0,18.1,2026-09-02T19:29:50.885697
Paris,48.8566,2.3522,2026-08-25T04:00,18.4,63,1.8,101,16.2,0.1,61,100,1010.3,39100.0,18.5,2026-09-02T19:29:50.885702
Paris,48.8566,2.3522,2026-08-25T05:00,17.0,76,3.3,84,10.8,2.5,80,94,1010.2,33200.0,17.4,2026-09-02T19:29:50.885708
Paris,48.8566,2.3522,2026-08-25T06:00,17.1,71,4.0,80,10.8,0.0,2,82,1010.1,36520.0,17.1,2026-09-02T19:29:50.885713
Paris,48.8566,2.3522,2026-08-25T07:00,17.6,72,1.1,198,10.4,0.0,1,24,1010.4,36020.0,18.2,2026-09-02T19:29:50.885719
Paris,48.8566,2.3522,2026-08-25T08:00,18.7,67,1.3,304,6.1,0.0,3,100,1011.0,37480.0,19.2,2026-09-02T19:29:50.885725
Paris,48.8566,2.3522,2026-08-25T09:00,20.8,60,1.8,37,6.5,0.0,3,100,1010.7,39580.0,21.4,2026-09-02T19:29:50.885730
Paris,48.8566,2.3522,2026-08-25T10:00,22.6,54,0.8,117,9.4,0.0,3,100,1010.8,40620.0,23.5,2026-09-02T19:29:50.885736
Paris,48.8566,2.3522,2026-08-25T11:00,23.8,53,3.9,146,10.8,0.0,2,59,1010.5,40660.0,25.1,2026-09-02T19:29:50.885744
Paris,48.8566,2.3522,2026-08-25T12:00,25.5,49,6.0,163,10.8,0.0,1,0,1010.2,41100.0,27.1,2026-09-02T19:29:50.885750
Paris,48.8566,2.3522,2026-08-25T13:00,26.9,47,5.1,188,13.0,0.0,1,23,1010.2,41260.0,29.0,2026-09-02T19:29:50.885756
Paris,48.8566,2.3522,2026-08-25T14:00,27.7,47,4.4,215,13.3,0.0,1,89,1010.1,41320.0,29.7,2026-09-02T19:29:50.885761
Paris,48.8566,2.3522,2026-08-25T15:00,28.7,42,5.7,198,15.8,0.0,2,67,1010.1,42080.0,29.3,2026-09-02T19:29:50.885767
Paris,48.8566,2.3522,2026-08-25T16:00,27.3,51,12.9,198,31.7,0.0,3,100,1009.4,40860.0,27.5,2026-09-02T19:29:50.885773
Paris,48.8566,2.3522,2026-08-25T17:00,25.2,52,10.2,225,35.6,0.0,2,68,1010.1,40820.0,25.3,2026-09-02T19:29:50.885779
Paris,48.8566,2.3522,2026-08-25T18:00,25.5,61,13.5,196,19.8,0.0,2,100,1010.6,39460.0,26.2,2026-09-02T19:29:50.885785
Paris,48.8566,2.3522,2026-08-25T19:00,23.5,65,11.3,173,29.5,0.1,61,100,1011.3,38320.0,24.2,2026-09-02T19:29:50.885793
Paris,48.8566,2.3522,2026-08-25T20:00,22.1,77,10.0,229,27.4,0.0,80,100,1011.8,31320.0,23.5,2026-09-02T19:29:50.885800
Paris,48.8566,2.3522,2026-08-25T21:00,23.0,73,8.4,173,15.8,0.3,61,86,1011.9,35040.0,24.7,2026-09-02T19:29:50.885808
Paris,48.8566,2.3522,2026-08-25T22:00,22.7,75,8.7,210,17.6,0.0,3,100,1012.4,34240.0,24.3,2026-09-02T19:29:50.885814
Paris,48.8566,2.3522,2026-08-25T23:00,22.1,77,9.8,294,18.0,0.0,3,86,1012.9,32820.0,23.5,2026-09-02T19:29:50.885823
Paris,48.8566,2.3522,2026-08-26T00:00,21.9,74,4.1,218,16.6,0.1,80,93,1013.0,34280.0,23.8,2026-09-02T19:29:50.885829
Paris,48.8566,2.3522,2026-08-26T01:00,21.4,78,4.0,180,8.3,0.0,3,97,1013.8,32100.0,23.5,2026-09-02T19:29:50.885835
Paris,48.8566,2.3522,2026-08-26T02:00,21.2,77,5.1,172,10.4,0.0,3,95,1013.8,32440.0,23.0,2026-09-02T19:29:50.885840
Paris,48.8566,2.3522,2026-08-26T03:00,20.7,80,5.8,173,11.2,0.0,3,62,1012.9,30320.0,22.4,2026-09-02T19:29:50.885846
Paris,48.8566,2.3522,2026-08-26T04:00,20.3,82,6.5,174,13.0,0.0,2,83,1013.4,28500.0,21.8,2026-09-02T19:29:50.885852
Paris,48.8566,2.3522,2026-08-26T05:00,20.0,83,5.4,184,12.6,0.0,2,76,1013.8,27700.0,21.7,2026-09-02T19:29:50.885857
Paris,48.8566,2.3522,2026-08-26T06:00,19.9,82,4.7,184,10.8,0.0,2,94,1014.2,28320.0,21.6,2026-09-02T19:29:50.885863
Paris,48.8566,2.3522,2026-08-26T07:00,20.6,79,4.0,170,9.7,0.0,1,38,1014.3,30500.0,22.4,2026-09-02T19:29:50.885872
Paris,48.8566,2.3522,2026-08-26T08:00,21.8,72,4.7,189,10.8,0.0,0,6,1014.5,34180.0,23.3,2026-09-02T19:29:50.885878
Paris,48.8566,2.3522,2026-08-26T09:00,23.9,61,5.0,180,13.0,0.0,0,3,1014.4,38880.0,25.1,2026-09-02T19:29:50.885883
Paris,48.8566,2.3522,2026-08-26T10:00,25.7,52,7.2,180,16.2,0.0,0,7,1014.1,40660.0,26.8,2026-09-02T19:29:50.885889
Paris,48.8566,2.3522,2026-08-26T11:00,26.9,46,8.6,195,20.5,0.0,1,30,1013.6,41420.0,27.8,2026-09-02T19:29:50.885894
Paris,48.8566,2.3522,2026-08-26T12:00,28.4,40,10.6,190,20.2,0.0,1,93,1012.9,42500.0,29.1,2026-09-02T19:29:50.885900
Paris,48.8566,2.3522,2026-08-26T13:00,29.2,37,10.2,172,24.1,0.0,3,100,1012.4,43220.0,28.8,2026-09-02T19:29:50.885906
Paris,48.8566,2.3522,2026-08-26T14:00,29.4,37,9.8,156,25.6,0.0,3,100,1011.7,43320.0,28.9,2026-09-02T19:29:50.885911
Paris,48.8566,2.3522,2026-08-26T15:00,28.8,42,11.0,122,23.8,0.0,3,100,1010.9,42240.0,28.7,2026-09-02T19:29:50.885917
Paris,48.8566,2.3522,2026-08-26T16:00,28.7,40,10.7,135,23.0,0.0,3,100,1010.4,42760.0,28.4,2026-09-02T19:29:50.885922
Paris,48.8566,2.3522,2026-08-26T17:00,28.8,41,12.0,131,24.5,0.0,3,85,1010.4,42500.0,28.4,2026-09-02T19:29:50.885931
Paris,48.8566,2.3522,2026-08-26T18:00,28.2,45,10.1,117,23.8,0.0,3,100,1010.4,42020.0,28.5,2026-09-02T19:29:50.885937
Paris,48.8566,2.3522,2026-08-26T19:00,27.8,45,10.5,94,19.8,0.0,3,95,1010.5,42120.0,27.8,2026-09-02T19:29:50.885943
Paris,48.8566,2.3522,2026-08-26T20:00,27.0,47,10.7,76,20.5,0.0,1,14,1009.8,41800.0,26.9,2026-09-02T19:29:50.885948
Paris,48.8566,2.3522,2026-08-26T21:00,25.7,51,11.9,85,24.1,0.0,3,100,1009.2,41220.0,25.6,2026-09-02T19:29:50.885954
Paris,48.8566,2.3522,2026-08-26T22:00,25.1,52,11.2,86,22.3,0.0,3,100,1009.3,41140.0,24.9,2026-09-02T19:29:50.885959
Paris,48.8566,2.3522,2026-08-26T23:00,24.5,53,11.9,85,25.9,0.0,3,100,1008.6,40980.0,24.2,2026-09-02T19:29:50.885965
Paris,48.8566,2.3522,2026-08-27T00:00,24.4,57,10.1,96,22.0,0.0,3,100,1008.3,40440.0,24.7,2026-09-02T19:29:50.885971
Paris,48.8566,2.3522,2026-08-27T01:00,23.9,60,2.9,97,19.8,0.0,3,100,1007.8,39460.0,25.4,2026-09-02T19:29:50.885976
Paris,48.8566,2.3522,2026-08-27T02:00,20.9,85,7.8,257,33.5,1.1,61,100,1009.6,14440.0,22.8,2026-09-02T19:29:50.885982
Paris,48.8566,2.3522,2026-08-27T03:00,20.6,84,8.7,265,18.7,7.7,95,100,1011.1,26000.0,22.2,2026-09-02T19:29:50.885991
Paris,48.8566,2.3522,2026-08-27T04:00,20.2,87,3.3,41,14.0,0.2,80,100,1008.5,22680.0,22.6,2026-09-02T19:29:50.886011
Paris,48.8566,2.3522,2026-08-27T05:00,19.8,86,12.2,124,22.3,0.0,3,100,1009.0,23780.0,20.6,2026-09-02T19:29:50.886017
Paris,48.8566,2.3522,2026-08-27T06:00,19.8,89,6.3,167,23.0,0.0,2,80,1007.7,17020.0,21.7,2026-09-02T19:29:50.886022
Paris,48.8566,2.3522,2026-08-27T07:00,20.8,84,9.7,178,20.2,0.0,1,3,1008.4,24600.0,22.3,2026-09-02T19:29:50.886027
Paris,48.8566,2.3522,2026-08-27T08:00,22.6,77,12.6,207,24.1,0.0,2,74,1009.6,31260.0,23.9,2026-09-02T19:29:50.886033
Paris,48.8566,2.3522,2026-08-27T09:00,24.0,72,10.2,225,23.8,0.0,3,68,1009.3,34760.0,25.7,2026-09-02T19:29:50.886038
Paris,48.8566,2.3522,2026-08-27T10:00,25.0,69,8.4,239,20.2,0.0,3,100,1010.0,35820.0,27.1,2026-09-02T19:29:50.886044
Paris,48.8566,2.3522,2026-08-27T11:00,25.8,62,8.6,268,18.4,0.0,3,100,1009.7,38920.0,27.4,2026-09-02T19:29:50.886049
Paris,48.8566,2.3522,2026-08-27T12:00,25.7,62,3.1,234,24.8,0.0,3,100,1009.3,38680.0,28.1,2026-09-02T19:29:50.886055
Paris,48.8566,2.3522,2026-08-27T13:00,26.4,58,4.8,222,13.3,0.0,3,100,1009.5,39800.0,28.4,2026-09-02T19:29:50.886063
Paris,48.8566,2.3522,2026-08-27T14:00,27.1,55,6.5,267,13.7,0.0,3,100,1009.1,40440.0,28.7,2026-09-02T19:29:50.886069
Paris,48.8566,2.3522,2026-08-27T15:00,26.7,58,5.4,323,17.6,0.0,3,100,1008.1,40080.0,28.7,2026-09-02T19:29:50.886074
Paris,48.8566,2.3522,2026-08-27T16:00,24.1,72,21.6,300,40.3,0.5,96,100,1008.2,3100.0,24.1,2026-09-02T19:29:50.886080
Paris,48.8566,2.3522,2026-08-27T17:00,23.1,79,10.2,293,43.2,15.2,96,100,1008.8,30860.0,25.1,2026-09-02T19:29:50.886085
Paris,48.8566,2.3522,2026-08-27T18:00,21.1,79,7.3,9,23.8,1.1,95,100,1010.0,30460.0,22.7,2026-09-02T19:29:50.886090
Paris,48.8566,2.3522,2026-08-27T19:00,20.6,84,3.4,32,13.7,0.0,2,100,1008.7,25860.0,23.0,2026-09-02T19:29:50.886096
Paris,48.8566,2.3522,2026-08-27T20:00,20.6,84,4.2,200,7.9,0.0,2,64,1009.9,26780.0,22.8,2026-09-02T19:29:50.886101
Paris,48.8566,2.3522,2026-08-27T21:00,20.0,82,6.8,148,13.0,0.0,2,96,1009.5,28760.0,21.4,2026-09-02T19:29:50.886110
Paris,48.8566,2.3522,2026-08-27T22:00,19.6,85,5.1,184,13.7,0.0,2,79,1010.0,25600.0,21.3,2026-09-02T19:29:50.886115
Paris,48.8566,2.3522,2026-08-27T23:00,19.1,85,6.1,180,12.2,0.0,3,75,1009.5,25340.0,20.4,2026-09-02T19:29:50.886124
Paris,48.8566,2.3522,2026-08-28T00:00,18.8,89,4.2,200,13.0,0.0,3,100,1009.8,20660.0,20.7,2026-09-02T19:29:50.886129
Paris,48.8566,2.3522,2026-08-28T01:00,18.9,86,3.9,248,9.4,0.0,3,100,1009.3,24400.0,20.6,2026-09-02T19:29:50.886135
Paris,48.8566,2.3522,2026-08-28T02:00,18.5,89,4.5,241,8.6,0.0,3,97,1009.6,20520.0,20.2,2026-09-02T19:29:50.886140
Paris,48.8566,2.3522,2026-08-28T03:00,18.1,92,4.8,257,10.8,0.0,3,100,1009.1,13800.0,19.7,2026-09-02T19:29:50.886146
Paris,48.8566,2.3522,2026-08-28T04:00,18.1,92,1.8,169,7.2,0.0,61,100,1008.7,14900.0,20.2,2026-09-02T19:29:50.886151
Paris,48.8566,2.3522,2026-08-28T05:00,18.3,90,3.8,229,12.2,0.4,61,100,1009.5,17600.0,20.1,2026-09-02T19:29:50.886157
Paris,48.8566,2.3522,2026-08-28T06:00,18.5,90,6.1,152,16.2,0.7,61,100,1008.5,18800.0,20.0,2026-09-02T19:29:50.886162
Paris,48.8566,2.3522,2026-08-28T07:00,18.7,84,15.8,201,35.6,0.2,95,100,1009.7,25760.0,18.4,2026-09-02T19:29:50.886167
Paris,48.8566,2.3522,2026-08-28T08:00,17.2,75,4.4,279,40.3,0.2,61,100,1010.3,34160.0,17.4,2026-09-02T19:29:50.886174
Paris,48.8566,2.3522,2026-08-28T09:00,17.9,76,9.8,197,14.0,3.1,95,100,1010.1,4080.0,17.7,2026-09-02T19:29:50.886182
Paris,48.8566,2.3522,2026-08-28T10:00,17.8,82,9.3,216,20.9,1.5,61,100,1010.8,9160.0,18.0,2026-09-02T19:29:50.886187
Paris,48.8566,2.3522,2026-08-28T11:00,19.9,71,14.3,219,32.8,0.1,80,100,1011.0,35520.0,19.2,2026-09-02T19:29:50.886193
Paris,48.8566,2.3522,2026-08-28T12:00,21.8,61,14.7,234,41.8,0.0,3,79,1011.1,39200.0,21.3,2026-09-02T19:29:50.886198
Paris,48.8566,2.3522,2026-08-28T13:00,22.1,57,11.9,275,34.6,0.0,3,100,1011.1,40220.0,21.4,2026-09-02T19:29:50.886204
Paris,48.8566,2.3522,2026-08-28T14:00,22.9,52,14.0,258,30.6,0.1,80,77,1011.4,40940.0,21.6,2026-09-02T19:29:50.886213
Paris,48.8566,2.3522,2026-08-28T15:00,22.0,54,13.5,254,31.7,0.0,2,51,1012.0,40840.0,20.8,2026-09-02T19:29:50.886218
Paris,48.8566,2.3522,2026-08-28T16:00,22.6,53,10.7,250,27.4,0.0,1,5,1011.9,40940.0,21.9,2026-09-02T19:29:50.886224
Paris,48.8566,2.3522,2026-08-28T17:00,23.4,43,12.2,272,25.2,0.0,3,100,1012.2,42340.0,21.7,2026-09-02T19:29:50.886229
Paris,48.8566,2.3522,2026-08-28T18:00,21.9,56,9.2,296,29.2,0.0,3,93,1013.0,40500.0,21.4,2026-09-02T19:29:50.886234
Paris,48.8566,2.3522,2026-08-28T19:00,21.6,56,2.3,252,16.6,0.0,2,68,1013.2,40700.0,22.0,2026-09-02T19:29:50.886242
Paris,48.8566,2.3522,2026-08-28T20:00,21.4,56,6.1,180,16.2,0.0,3,89,1013.8,40680.0,21.2,2026-09-02T19:29:50.886248
Paris,48.8566,2.3522,2026-08-28T21:00,20.5,64,12.0,213,20.2,0.0,2,72,1014.4,39180.0,19.8,2026-09-02T19:29:50.886253
Paris,48.8566,2.3522,2026-08-28T22:00,19.6,71,11.8,207,23.4,0.0,3,86,1014.4,36360.0,19.2,2026-09-02T19:29:50.886259
Paris,48.8566,2.3522,2026-08-28T23:00,18.9,72,11.6,210,24.1,0.0,1,0,1014.4,36400.0,18.4,2026-09-02T19:29:50.886264
Paris,48.8566,2.3522,2026-08-29T00:00,18.2,76,9.8,208,23.8,0.0,0,0,1014.5,34140.0,18.0,2026-09-02T19:29:50.886270
Paris,48.8566,2.3522,2026-08-29T01:00,17.8,78,9.2,206,19.8,0.0,0,0,1014.1,32220.0,17.7,2026-09-02T19:29:50.886275
Paris,48.8566,2.3522,2026-08-29T02:00,17.5,79,7.4,194,17.6,0.0,2,83,1013.7,31780.0,17.7,2026-09-02T19:29:50.886281
Paris,48.8566,2.3522,2026-08-29T03:00,17.2,80,7.5,163,16.9,0.0,2,69,1012.7,30640.0,17.3,2026-09-02T19:29:50.886286
Paris,48.8566,2.3522,2026-08-29T04:00,17.1,81,10.7,168,20.9,0.0,3,88,1012.8,28940.0,16.8,2026-09-02T19:29:50.886291
Paris,48.8566,2.3522,2026-08-29T05:00,17.1,82,12.2,178,24.8,0.0,3,88,1012.5,28120.0,16.6,2026-09-02T19:29:50.886300
Paris,48.8566,2.3522,2026-08-29T06:00,17.3,80,12.0,173,25.6,0.0,3,84,1012.3,30240.0,16.7,2026-09-02T19:29:50.886305
Paris,48.8566,2.3522,2026-08-29T07:00,17.7,80,11.5,182,25.2,0.0,3,100,1012.2,29300.0,17.3,2026-09-02T19:29:50.886310
Paris,48.8566,2.3522,2026-08-29T08:00,18.9,77,15.3,207,32.0,0.0,3,100,1012.3,31400.0,18.2,2026-09-02T19:29:50.886316
Paris,48.8566,2.3522,2026-08-29T09:00,20.0,75,13.4,207,35.6,0.0,3,100,1012.3,33680.0,19.9,2026-09-02T19:29:50.886321
Paris,48.8566,2.3522,2026-08-29T10:00,21.5,67,16.9,214,34.2,0.0,3,100,1012.0,37540.0,20.7,2026-09-02T19:29:50.886327
Paris,48.8566,2.3522,2026-08-29T11:00,21.7,65,18.6,202,38.9,0.1,80,97,1011.5,38020.0,20.6,2026-09-02T19:29:50.886332
Paris,48.8566,2.3522,2026-08-29T12:00,21.9,63,16.6,204,49.7,0.0,3,100,1011.8,39020.0,21.0,2026-09-02T19:29:50.886337
Paris,48.8566,2.3522,2026-08-29T13:00,20.8,74,14.2,201,34.6,6.9,96,100,1011.8,9160.0,20.8,2026-09-02T19:29:50.886351
Paris,48.8566,2.3522,2026-08-29T14:00,21.8,67,18.3,212,38.9,2.4,95,100,1011.2,38060.0,20.9,2026-09-02T19:29:50.886357
Paris,48.8566,2.3522,2026-08-29T15:00,20.8,75,22.9,202,49.3,0.0,3,94,1011.4,33640.0,19.6,2026-09-02T19:29:50.886365
Paris,48.8566,2.3522,2026-08-29T16:00,21.2,74,22.1,192,50.0,0.0,2,50,1010.5,34380.0,20.2,2026-09-02T19:29:50.886371
Paris,48.8566,2.3522,2026-08-29T17:00,21.6,73,19.2,208,50.4,0.0,2,83,1010.4,35240.0,21.1,2026-09-02T19:29:50.886377
Paris,48.8566,2.3522,2026-08-29T18:00,21.1,77,22.7,209,40.3,0.0,2,64,1010.7,32500.0,20.2,2026-09-02T19:29:50.886382
Paris,48.8566,2.3522,2026-08-29T19:00,20.5,79,20.0,203,42.5,0.0,2,72,1010.6,31400.0,20.0,2026-09-02T19:29:50.886388
Paris,48.8566,2.3522,2026-08-29T20:00,20.4,80,18.9,211,40.7,0.0,1,13,1011.4,31480.0,20.1,2026-09-02T19:29:50.886393
Paris,48.8566,2.3522,2026-08-29T21:00,20.1,85,18.2,210,38.9,0.0,2,51,1011.7,25740.0,20.2,2026-09-02T19:29:50.886399
Paris,48.8566,2.3522,2026-08-29T22:00,20.1,85,16.2,217,36.4,0.0,3,85,1012.3,25340.0,20.4,2026-09-02T19:29:50.886404
Paris,48.8566,2.3522,2026-08-29T23:00,20.0,81,15.3,227,32.8,0.0,2,89,1012.6,29960.0,20.0,2026-09-02T19:29:50.886410
Paris,48.8566,2.3522,2026-08-30T00:00,19.4,82,14.3,231,31.0,0.0,1,37,1013.1,28900.0,19.5,2026-09-02T19:29:50.886418
Paris,48.8566,2.3522,2026-08-30T01:00,19.0,82,13.0,231,28.4,0.0,3,92,1013.4,29680.0,19.1,2026-09-02T19:29:50.886426
Paris,48.8566,2.3522,2026-08-30T02:00,18.5,84,11.5,229,25.9,0.0,3,100,1013.5,27680.0,18.8,2026-09-02T19:29:50.886431
Paris,48.8566,2.3522,2026-08-30T03:00,18.0,83,11.5,231,24.1,0.0,3,100,1013.8,27880.0,18.0,2026-09-02T19:29:50.886437
Paris,48.8566,2.3522,2026-08-30T04:00,17.5,82,10.2,238,23.8,0.0,1,32,1013.9,29660.0,17.5,2026-09-02T19:29:50.886442
Paris,48.8566,2.3522,2026-08-30T05:00,17.1,81,8.6,237,20.5,0.0,1,43,1014.3,30180.0,17.1,2026-09-02T19:29:50.886447
Paris,48.8566,2.3522,2026-08-30T06:00,17.0,84,7.7,217,16.2,0.0,3,68,1014.5,27420.0,17.3,2026-09-02T19:29:50.886453
Paris,48.8566,2.3522,2026-08-30T07:00,17.7,84,7.7,208,15.8,0.0,3,98,1014.7,25240.0,18.2,2026-09-02T19:29:50.886458
Paris,48.8566,2.3522,2026-08-30T08:00,19.2,78,10.8,233,23.4,0.0,3,97,1014.7,31400.0,19.4,2026-09-02T19:29:50.886464
Paris,48.8566,2.3522,2026-08-30T09:00,19.9,76,11.1,209,22.7,0.0,3,96,1014.5,32660.0,20.1,2026-09-02T19:29:50.886470
Paris,48.8566,2.3522,2026-08-30T10:00,21.3,65,11.7,225,24.1,0.0,3,100,1014.4,38300.0,21.1,2026-09-02T19:29:50.886475
Paris,48.8566,2.3522,2026-08-30T11:00,22.4,61,13.8,221,29.9,0.0,3,100,1014.1,39540.0,21.8,2026-09-02T19:29:50.886483
Paris,48.8566,2.3522,2026-08-30T12:00,23.6,51,16.5,224,34.2,0.0,3,100,1013.5,41020.0,22.1,2026-09-02T19:29:50.886489
Paris,48.8566,2.3522,2026-08-30T13:00,23.7,50,16.4,232,36.4,0.0,3,100,1013.3,41260.0,22.2,2026-09-02T19:29:50.886494
Paris,48.8566,2.3522,2026-08-30T14:00,24.2,48,17.5,238,34.9,0.0,3,100,1012.7,41480.0,22.4,2026-09-02T19:29:50.886499
Paris,48.8566,2.3522,2026-08-30T15:00,24.7,45,16.4,220,34.9,0.0,3,100,1011.9,41860.0,22.9,2026-09-02T19:29:50.886505
Paris,48.8566,2.3522,2026-08-30T16:00,24.6,46,15.8,225,33.1,0.0,3,100,1011.5,41780.0,23.0,2026-09-02T19:29:50.886510
Paris,48.8566,2.3522,2026-08-30T17:00,24.4,49,11.2,225,30.2,0.0,3,100,1011.6,41460.0,23.7,2026-09-02T19:29:50.886516
Paris,48.8566,2.3522,2026-08-30T18:00,24.0,48,13.3,221,31.7,0.0,2,43,1011.5,41560.0,22.7,2026-09-02T19:29:50.886521
Paris,48.8566,2.3522,2026-08-30T19:00,22.9,55,15.1,205,30.6,0.0,1,22,1011.9,40760.0,21.8,2026-09-02T19:29:50.886526
Paris,48.8566,2.3522,2026-08-30T20:00,20.9,76,14.5,210,31.7,0.0,0,0,1012.2,33660.0,21.1,2026-09-02T19:29:50.886532
Paris,48.8566,2.3522,2026-08-30T21:00,20.4,72,14.7,211,29.2,0.0,0,50,1012.5,35760.0,20.0,2026-09-02T19:29:50.886540
Paris,48.8566,2.3522,2026-08-30T22:00,19.8,75,14.2,216,29.5,0.0,2,43,1013.0,34680.0,19.5,2026-09-02T19:29:50.886546
Paris,48.8566,2.3522,2026-08-30T23:00,19.3,73,15.8,223,32.4,0.0,0,0,1013.3,35500.0,18.4,2026-09-02T19:29:50.886551
Paris,48.8566,2.3522,2026-08-31T00:00,18.9,74,15.9,218,33.8,0.0,1,26,1013.6,35200.0,18.0,2026-09-02T19:29:50.886557
Paris,48.8566,2.3522,2026-08-31T01:00,18.4,76,15.6,218,32.8,0.0,1,40,1013.6,33500.0,17.5,2026-09-02T19:29:50.886562
Paris,48.8566,2.3522,2026-08-31T02:00,18.0,80,15.4,213,32.4,0.0,2,55,1013.3,30600.0,17.3,2026-09-02T19:29:50.886568
Paris,48.8566,2.3522,2026-08-31T03:00,17.8,80,15.3,219,32.8,0.0,2,47,1014.0,30300.0,16.9,2026-09-02T19:29:50.886573
Paris,48.8566,2.3522,2026-08-31T04:00,17.9,77,15.0,215,30.6,0.0,1,42,1013.6,32740.0,16.9,2026-09-02T19:29:50.886578
Paris,48.8566,2.3522,2026-08-31T05:00,17.6,79,15.6,209,31.7,0.0,2,46,1014.1,31260.0,16.5,2026-09-02T19:29:50.886584
Paris,48.8566,2.3522,2026-08-31T06:00,17.9,80,15.7,217,33.8,0.0,2,92,1014.3,30500.0,17.0,2026-09-02T19:29:50.886592
Paris,48.8566,2.3522,2026-08-31T07:00,18.5,76,15.8,221,32.8,0.0,2,45,1014.4,33300.0,17.5,2026-09-02T19:29:50.886600
Paris,48.8566,2.3522,2026-08-31T08:00,19.5,67,19.8,241,40.0,0.0,2,40,1014.8,37680.0,17.7,2026-09-02T19:29:50.886606
Paris,48.8566,2.3522,2026-08-31T09:00,20.3,64,19.8,237,41.0,0.0,2,70,1015.2,38440.0,18.5,2026-09-02T19:29:50.886611
Paris,48.8566,2.3522,2026-08-31T10:00,21.4,54,20.1,249,42.5,0.0,3,99,1015.3,40640.0,19.0,2026-09-02T19:29:50.886617
Paris,48.8566,2.3522,2026-08-31T11:00,22.0,53,21.8,257,43.9,0.0,3,77,1015.9,40740.0,19.4,2026-09-02T19:29:50.886622
Paris,48.8566,2.3522,2026-08-31T12:00,22.8,51,17.3,249,43.2,0.0,3,100,1016.1,40940.0,21.0,2026-09-02T19:29:50.886628
Paris,48.8566,2.3522,2026-08-31T13:00,22.6,51,19.4,255,40.7,0.0,3,100,1016.4,41000.0,20.3,2026-09-02T19:29:50.886633
Paris,48.8566,2.3522,2026-08-31T14:00,22.5,52,17.0,275,40.7,0.0,3,98,1017.1,40940.0,20.6,2026-09-02T19:29:50.886639
Paris,48.8566,2.3522,2026-08-31T15:00,21.7,59,16.6,257,38.5,0.0,2,100,1017.8,39900.0,20.3,2026-09-02T19:29:50.886644
Paris,48.8566,2.3522,2026-08-31T16:00,22.8,53,14.4,267,31.3,0.0,2,47,1017.4,40840.0,21.5,2026-09-02T19:29:50.886650
Paris,48.8566,2.3522,2026-08-31T17:00,22.9,48,15.6,278,32.4,0.0,3,100,1017.8,41520.0,21.0,2026-09-02T19:29:50.886659
Paris,48.8566,2.3522,2026-08-31T18:00,22.6,48,10.1,276,29.9,0.0,3,60,1018.3,41620.0,21.5,2026-09-02T19:29:50.886664
Paris,48.8566,2.3522,2026-08-31T19:00,21.6,53,6.5,276,20.5,0.0,0,1,1019.1,41080.0,21.2,2026-09-02T19:29:50.886670
Paris,48.8566,2.3522,2026-08-31T20:00,20.6,58,5.9,256,12.2,0.0,3,90,1019.7,40460.0,20.4,2026-09-02T19:29:50.886675
Paris,48.8566,2.3522,2026-08-31T21:00,19.6,62,6.2,291,12.2,0.0,3,100,1020.6,39820.0,19.3,2026-09-02T19:29:50.886680
Paris,48.8566,2.3522,2026-08-31T22:00,18.9,66,4.5,299,12.2,0.0,3,100,1020.9,38920.0,18.9,2026-09-02T19:29:50.886686
Paris,48.8566,2.3522,2026-08-31T23:00,18.2,71,5.8,300,11.2,0.0,3,100,1021.1,37280.0,18.2,2026-09-02T19:29:50.886691
Paris,48.8566,2.3522,2026-09-01T00:00,17.7,73,5.2,295,11.9,0.0,3,100,1021.6,36220.0,17.9,2026-09-02T19:29:50.886697
Paris,48.8566,2.3522,2026-09-01T01:00,17.3,76,4.6,288,10.1,0.0,2,68,1021.2,34480.0,17.6,2026-09-02T19:29:50.886702
Paris,48.8566,2.3522,2026-09-01T02:00,17.0,77,5.1,278,10.8,0.0,3,98,1021.4,33060.0,17.1,2026-09-02T19:29:50.886707
Paris,48.8566,2.3522,2026-09-01T03:00,16.3,78,6.8,288,12.6,0.0,3,100,1021.6,32000.0,16.0,2026-09-02T19:29:50.886719
Paris,48.8566,2.3522,2026-09-01T04:00,15.7,80,5.4,278,14.0,0.0,1,34,1021.6,30260.0,15.6,2026-09-02T19:29:50.886724
Paris,48.8566,2.3522,2026-09-01T05:00,15.2,83,4.7,261,10.4,0.0,0,0,1021.8,28640.0,15.3,2026-09-02T19:29:50.886730
Paris,48.8566,2.3522,2026-09-01T06:00,15.2,83,4.0,265,10.1,0.0,0,9,1022.5,27780.0,15.3,2026-09-02T19:29:50.886735
Paris,48.8566,2.3522,2026-09-01T07:00,15.7,80,4.4,261,10.1,0.0,1,3,1022.1,29600.0,15.8,2026-09-02T19:29:50.886740
Paris,48.8566,2.3522,2026-09-01T08:00,17.0,72,5.4,278,12.6,0.0,0,0,1022.8,35080.0,16.8,2026-09-02T19:29:50.886746
Paris,48.8566,2.3522,2026-09-01T09:00,18.8,65,4.7,274,13.7,0.0,0,0,1022.4,38060.0,18.8,2026-09-02T19:29:50.886751
Paris,48.8566,2.3522,2026-09-01T10:00,20.1,59,5.7,288,14.4,0.0,2,46,1022.9,39580.0,20.2,2026-09-02T19:29:50.886757
Paris,48.8566,2.3522,2026-09-01T11:00,21.1,55,5.9,284,15.1,0.0,2,48,1022.5,40260.0,21.5,2026-09-02T19:29:50.886762
Paris,48.8566,2.3522,2026-09-01T12:00,22.4,51,7.5,287,20.2,0.0,2,84,1022.4,40840.0,22.8,2026-09-02T19:29:50.886767
Paris,48.8566,2.3522,2026-09-01T13:00,23.2,46,7.9,270,19.1,0.0,3,100,1021.4,41620.0,22.7,2026-09-02T19:29:50.886779
Paris,48.8566,2.3522,2026-09-01T14:00,23.5,45,10.0,283,20.5,0.0,2,65,1021.3,41740.0,22.3,2026-09-02T19:29:50.886784
Paris,48.8566,2.3522,2026-09-01T15:00,24.6,40,7.3,303,20.5,0.0,3,100,1020.8,42820.0,23.5,2026-09-02T19:29:50.886790
Paris,48.8566,2.3522,2026-09-01T16:00,24.2,40,9.2,321,21.2,0.0,2,75,1020.4,42620.0,22.8,2026-09-02T19:29:50.886795
Paris,48.8566,2.3522,2026-09-01T17:00,23.7,41,10.2,318,22.3,0.0,2,59,1020.5,42520.0,22.1,2026-09-02T19:29:50.886801
Paris,48.8566,2.3522,2026-09-01T18:00,23.3,41,6.6,299,20.9,0.0,1,17,1020.5,42600.0,22.2,2026-09-02T19:29:50.886806
Paris,48.8566,2.3522,2026-09-01T19:00,22.6,42,7.6,335,16.2,0.0,3,99,1020.9,42680.0,21.2,2026-09-02T19:29:50.886811
Paris,48.8566,2.3522,2026-09-01T20:00,21.1,49,9.3,344,21.2,0.0,2,70,1021.4,41440.0,19.7,2026-09-02T19:29:50.886817
Paris,48.8566,2.3522,2026-09-01T21:00,19.6,57,8.0,355,19.4,0.0,1,2,1022.1,40440.0,18.7,2026-09-02T19:29:50.886822
Paris,48.8566,2.3522,2026-09-01T22:00,18.5,62,6.5,354,16.2,0.0,3,100,1022.4,39460.0,17.9,2026-09-02T19:29:50.886827
Paris,48.8566,2.3522,2026-09-01T23:00,18.0,64,3.7,11,12.6,0.0,3,100,1022.3,39040.0,17.8,2026-09-02T19:29:50.886836
Paris,48.8566,2.3522,2026-09-02T00:00,17.5,69,4.3,336,7.9,0.0,3,100,1021.6,37500.0,17.4,2026-09-02T19:29:50.886842
Paris,48.8566,2.3522,2026-09-02T01:00,17.2,71,1.9,22,9.0,0.0,3,100,1021.8,36700.0,17.5,2026-09-02T19:29:50.886847
Paris,48.8566,2.3522,2026-09-02T02:00,17.2,72,0.5,315,5.4,0.0,3,96,1022.3,36580.0,17.8,2026-09-02T19:29:50.886852
Paris,48.8566,2.3522,2026-09-02T03:00,16.4,76,3.3,319,7.6,0.0,3,74,1021.9,34340.0,16.6,2026-09-02T19:29:50.886858
Paris,48.8566,2.3522,2026-09-02T04:00,15.9,80,3.1,315,6.5,0.0,1,35,1022.0,31700.0,16.2,2026-09-02T19:29:50.886863
Paris,48.8566,2.3522,2026-09-02T05:00,15.5,82,2.6,286,5.8,0.0,0,0,1021.6,29940.0,15.8,2026-09-02T19:29:50.886869
Paris,48.8566,2.3522,2026-09-02T06:00,15.3,84,3.4,302,7.2,0.0,1,25,1022.4,27480.0,15.6,2026-09-02T19:29:50.886874
Paris,48.8566,2.3522,2026-09-02T07:00,16.1,78,3.5,294,8.6,0.0,1,28,1022.1,31140.0,16.3,2026-09-02T19:29:50.886879
Paris,48.8566,2.3522,2026-09-02T08:00,17.6,71,2.3,288,8.6,0.0,3,98,1022.4,35620.0,17.9,2026-09-02T19:29:50.886885
Paris,48.8566,2.3522,2026-09-02T09:00,19.9,59,1.9,292,8.3,0.0,2,88,1023.0,39760.0,20.1,2026-09-02T19:29:50.886893
Paris,48.8566,2.3522,2026-09-02T10:00,21.0,53,3.9,292,11.2,0.0,3,100,1022.8,40680.0,20.7,2026-09-02T19:29:50.886899
Paris,48.8566,2.3522,2026-09-02T11:00,22.1,51,3.6,276,11.2,0.0,2,69,1022.6,40920.0,22.1,2026-09-02T19:29:50.886904
Paris,48.8566,2.3522,2026-09-02T12:00,23.8,41,7.8,283,16.9,0.0,2,100,1021.9,42400.0,23.1,2026-09-02T19:29:50.886909
Paris,48.8566,2.3522,2026-09-02T13:00,24.6,40,5.6,285,18.0,0.0,3,89,1021.9,42600.0,24.4,2026-09-02T19:29:50.886915
Paris,48.8566,2.3522,2026-09-02T14:00,25.0,36,8.6,255,20.5,0.0,3,82,1021.7,43720.0,23.7,2026-09-02T19:29:50.886920
Paris,48.8566,2.3522,2026-09-02T15:00,25.3,37,6.8,267,19.4,0.0,2,89,1021.1,43440.0,24.1,2026-09-02T19:29:50.886926
Paris,48.8566,2.3522,2026-09-02T16:00,25.5,37,5.8,263,16.9,0.0,3,93,1020.6,43700.0,24.6,2026-09-02T19:29:50.886932
Paris,48.8566,2.3522,2026-09-02T17:00,25.6,36,10.5,243,22.0,0.0,3,94,1020.7,43900.0,23.9,2026-09-02T19:29:50.886938
Paris,48.8566,2.3522,2026-09-02T18:00,25.1,38,10.2,238,24.1,0.0,2,99,1020.8,43540.0,23.5,2026-09-02T19:29:50.886944
Paris,48.8566,2.3522,2026-09-02T19:00,24.6,40,5.4,233,20.2,0.0,2,82,1021.0,43040.0,23.9,2026-09-02T19:29:50.886953
Paris,48.8566,2.3522,2026-09-02T20:00,23.9,43,4.6,225,11.2,0.0,1,25,1021.5,42700.0,23.4,2026-09-02T19:29:50.886958
Paris,48.8566,2.3522,2026-09-02T21:00,23.1,46,4.3,228,9.0,0.0,2,78,1021.6,42020.0,22.7,2026-09-02T19:29:50.886964
Paris,48.8566,2.3522,2026-09-02T22:00,22.8,47,4.3,246,8.6,0.0,2,73,1021.5,41860.0,22.4,2026-09-02T19:29:50.886973
Paris,48.8566,2.3522,2026-09-02T23:00,22.1,48,4.4,235,9.0,0.0,1,25,1021.4,41740.0,21.7,2026-09-02T19:29:50.886978
Paris,48.8566,2.3522,2026-09-03T00:00,21.5,50,4.8,243,9.7,0.0,1,0,1021.5,41520.0,21.0,2026-09-02T19:29:50.886984
Paris,48.8566,2.3522,2026-09-03T01:00,20.9,52,4.5,241,10.4,0.0,0,0,1021.5,41300.0,20.4,2026-09-02T19:29:50.886989
Paris,48.8566,2.3522,2026-09-03T02:00,20.5,53,5.2,254,10.1,0.0,0,0,1021.7,41100.0,19.9,2026-09-02T19:29:50.886995
Paris,48.8566,2.3522,2026-09-03T03:00,19.7,56,6.2,260,12.6,0.0,0,0,1022.0,40640.0,19.0,2026-09-02T19:29:50.887000
Paris,48.8566,2.3522,2026-09-03T04:00,19.1,61,6.3,257,13.0,0.0,0,0,1022.2,39960.0,18.6,2026-09-02T19:29:50.887006
Paris,48.8566,2.3522,2026-09-03T05:00,18.7,67,6.0,253,13.0,0.0,0,0,1022.0,38420.0,18.5,2026-09-02T19:29:50.887014
Paris,48.8566,2.3522,2026-09-03T06:00,18.5,73,6.9,261,14.4,0.0,0,0,1022.5,35620.0,18.6,2026-09-02T19:29:50.887020
Paris,48.8566,2.3522,2026-09-03T07:00,18.9,74,7.3,250,16.6,0.0,2,67,1023.0,34000.0,19.1,2026-09-02T19:29:50.887028
Paris,48.8566,2.3522,2026-09-03T08:00,20.3,72,8.0,243,18.4,0.0,2,81,1023.0,34400.0,20.8,2026-09-02T19:29:50.887034
Paris,48.8566,2.3522,2026-09-03T09:00,21.6,68,9.4,247,21.2,0.0,3,93,1022.9,36480.0,22.0,2026-09-02T19:29:50.887040
Paris,48.8566,2.3522,2026-09-03T10:00,22.5,65,9.1,261,21.2,0.0,3,95,1023.1,37880.0,23.0,2026-09-02T19:29:50.887045
Paris,48.8566,2.3522,2026-09-03T11:00,23.2,63,8.4,260,20.2,0.0,3,95,1022.9,38420.0,24.0,2026-09-02T19:29:50.887051
Paris,48.8566,2.3522,2026-09-03T12:00,24.3,61,8.7,240,20.2,0.0,3,81,1022.6,38840.0,25.2,2026-09-02T19:29:50.887056
Paris,48.8566,2.3522,2026-09-03T13:00,25.2,58,11.5,270,27.0,0.0,3,100,1022.3,39720.0,25.7,2026-09-02T19:29:50.887062
Paris,48.8566,2.3522,2026-09-03T14:00,26.0,55,11.5,272,25.6,0.0,3,100,1021.9,40400.0,26.5,2026-09-02T19:29:50.887067
Paris,48.8566,2.3522,2026-09-03T15:00,26.1,56,9.8,278,24.5,0.0,3,100,1021.9,40320.0,27.0,2026-09-02T19:29:50.887075
Paris,48.8566,2.3522,2026-09-03T16:00,26.4,55,11.9,275,24.8,0.0,3,86,1021.8,40600.0,27.0,2026-09-02T19:29:50.887081
Paris,48.8566,2.3522,2026-09-03T17:00,26.0,57,9.0,265,26.3,0.0,3,100,1021.6,40220.0,27.0,2026-09-02T19:29:50.887087
Paris,48.8566,2.3522,2026-09-03T18:00,25.7,58,8.2,247,19.8,0.0,3,83,1021.2,40180.0,26.8,2026-09-02T19:29:50.887092
Paris,48.8566,2.3522,2026-09-03T19:00,25.3,60,6.0,237,18.0,0.0,3,88,1021.2,39960.0,26.8,2026-09-02T19:29:50.887098
Paris,48.8566,2.3522,2026-09-03T20:00,24.6,63,4.9,234,11.9,0.0,2,72,1021.3,39520.0,26.3,2026-09-02T19:29:50.887103
Paris,48.8566,2.3522,2026-09-03T21:00,24.0,66,4.0,243,9.7,0.0,3,83,1021.3,38940.0,26.0,2026-09-02T19:29:50.887108
Paris,48.8566,2.3522,2026-09-03T22:00,23.6,67,3.8,229,7.6,0.0,2,61,1021.0,38520.0,25.6,2026-09-02T19:29:50.887114
Paris,48.8566,2.3522,2026-09-03T23:00,23.2,69,4.5,209,8.6,0.0,2,43,1020.6,37960.0,25.1,2026-09-02T19:29:50.887119
Paris,48.8566,2.3522,2026-09-04T00:00,23.0,69,5.2,205,10.8,0.0,1,31,1020.1,37880.0,24.7,2026-09-02T19:29:50.887125
Paris,48.8566,2.3522,2026-09-04T01:00,22.5,72,5.9,194,12.6,0.0,2,49,1019.4,36800.0,24.2,2026-09-02T19:29:50.887134
Paris,48.8566,2.3522,2026-09-04T02:00,22.3,72,5.5,203,12.2,0.0,2,47,1019.0,36600.0,23.9,2026-09-02T19:29:50.887139
Paris,48.8566,2.3522,2026-09-04T03:00,21.7,75,5.5,203,12.2,0.0,1,19,1018.7,35140.0,23.4,2026-09-02T19:29:50.887145
Paris,48.8566,2.3522,2026-09-04T04:00,21.3,77,4.9,216,11.5,0.0,1,22,1018.5,33620.0,23.1,2026-09-02T19:29:50.887150
Paris,48.8566,2.3522,2026-09-04T05:00,20.8,79,4.8,228,10.1,0.0,1,25,1018.5,32000.0,22.6,2026-09-02T19:29:50.887155
Paris,48.8566,2.3522,2026-09-04T06:00,20.6,80,5.9,218,11.9,0.0,1,21,1018.6,30480.0,22.2,2026-09-02T19:29:50.887161
Paris,48.8566,2.3522,2026-09-04T07:00,21.1,78,8.5,216,18.0,0.0,1,12,1018.3,30700.0,22.3,2026-09-02T19:29:50.887166
Paris,48.8566,2.3522,2026-09-04T08:00,22.2,73,10.0,232,22.0,0.0,1,24,1018.0,33720.0,23.3,2026-09-02T19:29:50.887172
Paris,48.8566,2.3522,2026-09-04T09:00,23.7,65,10.8,255,24.1,0.0,1,38,1018.1,37680.0,24.5,2026-09-02T19:29:50.887177
Paris,48.8566,2.3522,2026-09-04T10:00,25.1,59,10.8,266,24.8,0.0,2,44,1017.6,39320.0,25.9,2026-09-02T19:29:50.887183
Paris,48.8566,2.3522,2026-09-04T11:00,26.2,56,12.0,261,26.6,0.0,1,32,1017.0,39820.0,27.3,2026-09-02T19:29:50.887191
Paris,48.8566,2.3522,2026-09-04T12:00,27.3,52,13.0,268,28.4,0.0,2,45,1016.6,40500.0,28.5,2026-09-02T19:29:50.887197
Paris,48.8566,2.3522,2026-09-04T13:00,28.3,47,15.9,273,34.2,0.0,2,54,1016.3,41180.0,28.6,2026-09-02T19:29:50.887202
Paris,48.8566,2.3522,2026-09-04T14:00,28.6,46,15.2,274,36.0,0.0,2,62,1016.0,41460.0,28.4,2026-09-02T19:29:50.887208
Paris,48.8566,2.3522,2026-09-04T15:00,27.9,50,15.6,293,37.1,0.0,2,75,1016.1,41040.0,27.8,2026-09-02T19:29:50.887213
Paris,48.8566,2.3522,2026-09-04T16:00,27.7,50,15.2,285,36.6,0.0,2,79,1016.0,41150.0,27.6,2026-09-02T19:29:50.887219
Paris,48.8566,2.3522,2026-09-04T17:00,27.4,48,14.1,283,36.2,0.0,2,69,1016.2,41450.0,27.2,2026-09-02T19:29:50.887224
Paris,48.8566,2.3522,2026-09-04T18:00,26.1,53,14.3,299,34.2,0.0,2,60,1016.6,40825.0,26.1,2026-09-02T19:29:50.887230
Paris,48.8566,2.3522,2026-09-04T19:00,24.3,63,8.9,310,33.8,0.0,1,31,1017.4,39440.0,25.5,2026-09-02T19:29:50.887235
Paris,48.8566,2.3522,2026-09-04T20:00,22.8,72,7.6,315,21.6,0.0,1,32,1018.3,36380.0,24.4,2026-09-02T19:29:50.887241
Paris,48.8566,2.3522,2026-09-04T21:00,21.7,76,8.4,301,19.4,0.0,1,27,1018.5,34140.0,23.1,2026-09-02T19:29:50.887249
Paris,48.8566,2.3522,2026-09-04T22:00,20.8,81,7.2,288,19.4,0.0,2,60,1018.6,30500.0,22.4,2026-09-02T19:29:50.887255
Paris,48.8566,2.3522,2026-09-04T23:00,20.1,85,7.6,295,17.6,0.0,2,64,1019.2,26340.0,21.8,2026-09-02T19:29:50.887260
Paris,48.8566,2.3522,2026-09-05T00:00,19.4,83,10.7,315,25.9,0.0,2,75,1020.0,27940.0,20.2,2026-09-02T19:29:50.887266
Paris,48.8566,2.3522,2026-09-05T01:00,18.8,80,7.1,311,25.9,0.0,3,82,1020.2,30740.0,19.6,2026-09-02T19:29:50.887271
Paris,48.8566,2.3522,2026-09-05T02:00,18.2,84,5.2,304,16.6,0.0,3,87,1020.4,27020.0,19.3,2026-09-02T19:29:50.887277
Paris,48.8566,2.3522,2026-09-05T03:00,18.0,87,4.8,318,11.9,0.0,3,99,1021.0,23180.0,19.3,2026-09-02T19:29:50.887282
Paris,48.8566,2.3522,2026-09-05T04:00,17.9,87,3.6,315,11.5,0.0,3,98,1021.4,22980.0,19.4,2026-09-02T19:29:50.887287
Paris,48.8566,2.3522,2026-09-05T05:00,17.8,87,3.1,315,9.4,0.0,3,97,1022.0,22800.0,19.3,2026-09-02T19:29:50.887293
Paris,48.8566,2.3522,2026-09-05T06:00,17.7,86,3.1,315,7.6,0.0,3,96,1022.4,25420.0,19.1,2026-09-02T19:29:50.887298
Paris,48.8566,2.3522,2026-09-05T07:00,18.2,82,4.2,329,11.2,0.0,3,92,1023.1,27640.0,19.3,2026-09-02T19:29:50.887307
Paris,48.8566,2.3522,2026-09-05T08:00,19.1,70,5.4,352,15.5,0.0,3,88,1023.7,35680.0,19.4,2026-09-02T19:29:50.887313
Paris,48.8566,2.3522,2026-09-05T09:00,20.1,62,5.1,4,15.1,0.0,2,74,1024.1,38540.0,20.2,2026-09-02T19:29:50.887321
Paris,48.8566,2.3522,2026-09-05T10:00,21.5,53,4.0,360,14.4,0.0,2,65,1024.3,40340.0,21.4,2026-09-02T19:29:50.887326
Paris,48.8566,2.3522,2026-09-05T11:00,22.8,47,3.6,354,13.3,0.0,1,46,1024.2,41160.0,23.3,2026-09-02T19:29:50.887332
Paris,48.8566,2.3522,2026-09-05T12:00,24.1,39,3.3,354,13.0,0.0,2,79,1024.0,42580.0,24.6,2026-09-02T19:29:50.887337
Paris,48.8566,2.3522,2026-09-05T13:00,25.1,33,3.7,349,13.0,0.0,3,87,1023.9,44360.0,25.1,2026-09-02T19:29:50.887343
Paris,48.8566,2.3522,2026-09-05T14:00,25.7,33,4.3,355,13.7,0.0,1,17,1023.4,44740.0,25.4,2026-09-02T19:29:50.887352
Paris,48.8566,2.3522,2026-09-05T15:00,26.0,32,4.7,356,14.0,0.0,1,18,1023.1,44920.0,24.9,2026-09-02T19:29:50.887357
Paris,48.8566,2.3522,2026-09-05T16:00,25.9,31,5.4,4,15.5,0.0,1,13,1022.9,45980.0,24.5,2026-09-02T19:29:50.887363
Paris,48.8566,2.3522,2026-09-05T17:00,25.4,31,6.0,17,16.6,0.0,0,1,1023.0,46140.0,23.8,2026-09-02T19:29:50.887371
Paris,48.8566,2.3522,2026-09-05T18:00,24.3,37,6.3,31,16.6,0.0,1,23,1022.9,44020.0,23.1,2026-09-02T19:29:50.887377
Paris,48.8566,2.3522,2026-09-05T19:00,22.9,42,6.1,40,15.1,0.0,0,15,1023.1,43080.0,21.8,2026-09-02T19:29:50.887382
Paris,48.8566,2.3522,2026-09-05T20:00,21.0,48,5.4,53,12.6,0.0,0,8,1023.5,42120.0,20.2,2026-09-02T19:29:50.887388
Paris,48.8566,2.3522,2026-09-05T21:00,19.5,53,5.2,65,10.8,0.0,0,0,1023.7,41180.0,18.7,2026-09-02T19:29:50.887393
Paris,48.8566,2.3522,2026-09-05T22:00,18.4,57,4.9,73,10.1,0.0,0,0,1023.8,40720.0,17.6,2026-09-02T19:29:50.887399
Paris,48.8566,2.3522,2026-09-05T23:00,17.5,60,4.6,72,9.7,0.0,0,0,1023.7,40240.0,16.8,2026-09-02T19:29:50.887404
Paris,48.8566,2.3522,2026-09-06T00:00,16.8,63,4.1,75,9.4,0.0,0,0,1023.6,39780.0,16.1,2026-09-02T19:29:50.887410
Paris,48.8566,2.3522,2026-09-06T01:00,16.1,65,3.7,79,8.3,0.0,0,0,1023.3,38620.0,15.4,2026-09-02T19:29:50.887415
Paris,48.8566,2.3522,2026-09-06T02:00,15.5,67,3.7,79,6.8,0.0,0,0,1023.0,37480.0,14.9,2026-09-02T19:29:50.887421
Paris,48.8566,2.3522,2026-09-06T03:00,15.0,69,3.3,77,6.1,0.0,0,0,1022.7,36320.0,14.4,2026-09-02T19:29:50.887429
Paris,48.8566,2.3522,2026-09-06T04:00,14.3,72,3.3,77,5.4,0.0,0,0,1022.5,33340.0,13.6,2026-09-02T19:29:50.887434
Paris,48.8566,2.3522,2026-09-06T05:00,13.6,75,3.1,69,5.4,0.0,0,0,1022.3,30360.0,13.0,2026-09-02T19:29:50.887440
Paris,48.8566,2.3522,2026-09-06T06:00,13.9,74,3.3,77,6.5,0.0,0,0,1022.1,27380.0,13.2,2026-09-02T19:29:50.887445
Paris,48.8566,2.3522,2026-09-06T07:00,15.9,67,4.0,90,10.4,0.0,0,1,1021.9,31960.0,15.3,2026-09-02T19:29:50.887450
Paris,48.8566,2.3522,2026-09-06T08:00,19.0,57,5.2,102,15.8,0.0,0,1,1021.6,36560.0,18.3,2026-09-02T19:29:50.887456
Paris,48.8566,2.3522,2026-09-06T09:00,21.9,49,6.2,111,20.2,0.0,0,2,1021.2,41140.0,21.3,2026-09-02T19:29:50.887461
Paris,48.8566,2.3522,2026-09-06T10:00,24.6,44,6.8,122,22.3,0.0,2,14,1020.6,41620.0,24.3,2026-09-02T19:29:50.887467
Paris,48.8566,2.3522,2026-09-06T11:00,27.2,41,7.4,133,23.0,0.0,2,25,1019.9,42120.0,27.7,2026-09-02T19:29:50.887472
Paris,48.8566,2.3522,2026-09-06T12:00,29.3,39,8.2,139,23.4,0.0,2,37,1019.1,42600.0,30.2,2026-09-02T19:29:50.887478
Paris,48.8566,2.3522,2026-09-06T13:00,30.7,36,8.4,137,23.8,0.0,3,58,1018.1,43340.0,31.6,2026-09-02T19:29:50.887486
Paris,48.8566,2.3522,2026-09-06T14:00,31.7,34,8.7,132,23.8,0.0,3,79,1017.1,44060.0,31.9,2026-09-02T19:29:50.887491
Paris,48.8566,2.3522,2026-09-06T15:00,32.1,33,7.9,129,22.7,0.0,3,100,1016.3,44800.0,32.2,2026-09-02T19:29:50.887497
Paris,48.8566,2.3522,2026-09-06T16:00,31.8,35,5.9,137,20.2,0.0,3,100,1016.0,44060.0,32.5,2026-09-02T19:29:50.887503
Paris,48.8566,2.3522,2026-09-06T17:00,31.0,39,3.4,162,16.2,0.0,3,100,1015.9,43300.0,32.3,2026-09-02T19:29:50.887508
Paris,48.8566,2.3522,2026-09-06T18:00,29.9,44,2.6,196,13.0,0.0,3,100,1015.9,42560.0,31.8,2026-09-02T19:29:50.887513
Paris,48.8566,2.3522,2026-09-06T19:00,28.7,49,2.6,196,10.4,0.0,2,95,1015.9,41980.0,30.8,2026-09-02T19:29:50.887519
Paris,48.8566,2.3522,2026-09-06T20:00,27.4,54,2.9,180,8.3,0.0,2,91,1015.9,41380.0,29.6,2026-09-02T19:29:50.887524
Paris,48.8566,2.3522,2026-09-06T21:00,26.1,58,3.3,167,6.5,0.0,2,86,1015.9,40800.0,28.2,2026-09-02T19:29:50.887530
Paris,48.8566,2.3522,2026-09-06T22:00,25.2,61,3.4,162,5.0,0.0,1,67,1015.9,40100.0,27.2,2026-09-02T19:29:50.887535
Paris,48.8566,2.3522,2026-09-06T23:00,24.4,64,3.5,156,4.3,0.0,1,48,1015.8,39400.0,26.5,2026-09-02T19:29:50.887544
Paris,48.8566,2.3522,2026-09-07T00:00,23.7,66,3.8,163,5.4,0.0,1,29,1015.8,38700.0,25.6,2026-09-02T19:29:50.887549
Paris,48.8566,2.3522,2026-09-07T01:00,23.0,68,4.7,189,9.4,0.0,1,29,1015.7,37960.0,24.7,2026-09-02T19:29:50.887555
Paris,48.8566,2.3522,2026-09-07T02:00,22.3,70,6.6,209,14.8,0.0,1,28,1015.7,37240.0,23.6,2026-09-02T19:29:50.887560
Paris,48.8566,2.3522,2026-09-07T03:00,21.6,73,8.2,221,19.4,0.0,1,28,1015.9,36500.0,22.7,2026-09-02T19:29:50.887565
Paris,48.8566,2.3522,2026-09-07T04:00,20.6,78,7.8,236,22.0,0.0,2,40,1016.6,32840.0,21.8,2026-09-02T19:29:50.887571
Paris,48.8566,2.3522,2026-09-07T05:00,19.6,83,7.1,255,23.4,0.0,2,52,1017.5,29160.0,20.9,2026-09-02T19:29:50.887577
Paris,48.8566,2.3522,2026-09-07T06:00,19.2,85,7.6,267,24.8,0.0,2,64,1018.3,25500.0,20.4,2026-09-02T19:29:50.887582
Paris,48.8566,2.3522,2026-09-07T07:00,19.8,83,8.5,258,26.3,0.0,2,70,1018.8,28360.0,21.0,2026-09-02T19:29:50.887587
Paris,48.8566,2.3522,2026-09-07T08:00,21.0,78,10.0,244,27.7,0.0,2,77,1019.2,31240.0,22.0,2026-09-02T19:29:50.887593
Paris,48.8566,2.3522,2026-09-07T09:00,22.1,73,11.6,240,29.5,0.0,2,83,1019.5,34100.0,23.0,2026-09-02T19:29:50.887602
Paris,48.8566,2.3522,2026-09-07T10:00,23.1,67,12.4,245,32.9,0.0,2,81,1019.6,36285.0,23.5,2026-09-02T19:29:50.887607
Paris,48.8566,2.3522,2026-09-07T11:00,24.0,59,13.6,252,36.9,0.0,2,81,1019.7,37850.0,23.8,2026-09-02T19:29:50.887613
Paris,48.8566,2.3522,2026-09-07T12:00,24.8,52,14.5,258,39.8,0.0,2,83,1019.5,38780.0,24.2,2026-09-02T19:29:50.887620
Paris,48.8566,2.3522,2026-09-07T13:00,25.7,48,14.7,259,40.3,0.0,2,83,1019.2,39600.0,24.8,2026-09-02T19:29:50.887626
Paris,48.8566,2.3522,2026-09-07T14:00,26.5,45,14.3,258,38.9,0.0,2,80,1018.5,41040.0,25.6,2026-09-02T19:29:50.887632
Paris,48.8566,2.3522,2026-09-07T15:00,26.9,44,13.6,258,36.7,0.0,2,77,1018.0,42480.0,26.1,2026-09-02T19:29:50.887637
Paris,48.8566,2.3522,2026-09-07T16:00,26.9,43,12.3,255,34.6,0.0,2,70,1017.7,40120.0,26.1,2026-09-02T19:29:50.887643
Paris,48.8566,2.3522,2026-09-07T17:00,26.6,43,11.0,251,32.4,0.0,2,63,1017.4,37740.0,25.9,2026-09-02T19:29:50.887648
Paris,48.8566,2.3522,2026-09-07T18:00,25.9,45,9.2,249,28.8,0.0,2,56,1017.3,35380.0,25.5,2026-09-02T19:29:50.887653
Paris,48.8566,2.3522,2026-09-07T19:00,24.6,51,7.3,261,23.4,0.0,3,68,1017.4,35380.0,24.8,2026-09-02T19:29:50.887662
Paris,48.8566,2.3522,2026-09-07T20:00,23.0,58,6.0,287,17.3,0.0,3,79,1017.6,35380.0,23.5,2026-09-02T19:29:50.887667
Paris,48.8566,2.3522,2026-09-07T21:00,21.5,66,5.6,310,12.2,0.0,3,91,1017.7,35380.0,22.4,2026-09-02T19:29:50.887673
Paris,48.8566,2.3522,2026-09-07T22:00,20.4,74,4.8,318,9.7,0.0,3,92,1017.7,34380.0,21.6,2026-09-02T19:29:50.887678
Paris,48.8566,2.3522,2026-09-07T23:00,19.4,82,3.3,319,8.3,0.0,3,94,1017.6,33400.0,21.1,2026-09-02T19:29:50.887684
Paris,48.8566,2.3522,2026-09-08T00:00,18.6,87,2.1,301,8.3,0.0,3,95,1017.5,32400.0,20.6,2026-09-02T19:29:50.887690
Paris,48.8566,2.3522,2026-09-08T01:00,18.1,89,2.1,239,9.0,0.0,3,97,1017.2,32400.0,20.0,2026-09-02T19:29:50.887699
Paris,48.8566,2.3522,2026-09-08T02:00,17.7,88,3.9,214,11.2,0.0,3,98,1016.9,32400.0,19.1,2026-09-02T19:29:50.887705
Paris,48.8566,2.3522,2026-09-08T03:00,17.3,87,6.1,208,13.7,0.0,3,100,1016.6,32400.0,18.1,2026-09-02T19:29:50.887710
Paris,48.8566,2.3522,2026-09-08T04:00,16.4,86,7.9,210,17.3,0.0,3,100,1016.4,32400.0,16.6,2026-09-02T19:29:50.887716
Paris,48.8566,2.3522,2026-09-08T05:00,15.4,85,9.1,214,21.2,0.0,3,100,1016.3,32400.0,15.1,2026-09-02T19:29:50.887727
Paris,48.8566,2.3522,2026-09-08T06:00,14.8,84,10.4,214,24.8,0.0,3,100,1016.2,32400.0,14.0,2026-09-02T19:29:50.887732
Paris,48.8566,2.3522,2026-09-08T07:00,15.0,84,11.3,207,27.4,0.4,80,100,1016.1,33400.0,14.1,2026-09-02T19:29:50.887738
Paris,48.8566,2.3522,2026-09-08T08:00,15.5,83,12.2,199,29.5,0.4,80,100,1016.1,34380.0,14.6,2026-09-02T19:29:50.887743
Paris,48.8566,2.3522,2026-09-08T09:00,16.2,83,13.2,197,31.7,0.4,80,100,1016.0,35380.0,15.3,2026-09-02T19:29:50.887749
Paris,48.8566,2.3522,2026-09-08T10:00,16.8,83,14.2,204,34.2,0.4,3,100,1015.9,31640.0,16.1,2026-09-02T19:29:50.887754
Paris,48.8566,2.3522,2026-09-08T11:00,17.6,82,15.6,214,36.4,0.4,3,100,1015.8,27920.0,16.9,2026-09-02T19:29:50.887760
Paris,48.8566,2.3522,2026-09-08T12:00,18.5,79,15.5,224,37.8,0.4,3,100,1015.6,24180.0,17.9,2026-09-02T19:29:50.887765
Paris,48.8566,2.3522,2026-09-08T13:00,19.8,73,13.5,245,38.2,0.0,3,100,1015.3,21600.0,19.5,2026-09-02T19:29:50.887771
Paris,48.8566,2.3522,2026-09-08T14:00,21.3,64,13.1,278,37.4,0.0,3,100,1014.9,19000.0,20.8,2026-09-02T19:29:50.887776
Paris,48.8566,2.3522,2026-09-08T15:00,22.1,56,14.7,298,36.0,0.0,3,100,1014.7,16420.0,20.9,2026-09-02T19:29:50.887784
Paris,48.8566,2.3522,2026-09-08T16:00,22.0,47,14.2,300,34.2,0.0,0,67,1014.9,13820.0,20.0,2026-09-02T19:29:50.887791
Paris,48.8566,2.3522,2026-09-08T17:00,21.2,39,11.8,297,31.7,0.0,0,33,1015.3,11240.0,18.6,2026-09-02T19:29:50.887796
Paris,48.8566,2.3522,2026-09-08T18:00,20.0,36,9.4,293,28.1,0.0,0,0,1015.6,8640.0,17.4,2026-09-02T19:29:50.887801
Paris,48.8566,2.3522,2026-09-08T19:00,18.4,41,7.1,300,22.7,0.0,0,0,1015.8,12040.0,16.2,2026-09-02T19:29:50.887807
Paris,48.8566,2.3522,2026-09-08T20:00,16.5,51,5.1,315,16.2,0.0,0,0,1016.0,15440.0,14.8,2026-09-02T19:29:50.887813
Paris,48.8566,2.3522,2026-09-08T21:00,14.9,60,3.7,331,11.5,0.0,0,0,1016.0,18840.0,13.6,2026-09-02T19:29:50.887819
Paris,48.8566,2.3522,2026-09-08T22:00,14.1,64,2.3,309,9.4,0.0,0,0,1015.9,22240.0,13.1,2026-09-02T19:29:50.887824
Paris,48.8566,2.3522,2026-09-08T23:00,13.7,66,3.2,243,9.0,0.0,0,0,1015.7,25640.0,12.6,2026-09-02T19:29:50.887830
